Rk,elevation,Team,Key,Year,SO,W,L,WL,ERA,G,GS,GF,CG,SHO,SV,IP,H,R,ER,HR,BB,IBB,ROE,HBP,BK,WP,BF,WHIP,SOnine,SOBB,AB,H,twB,thB,HR,SB,CS,BA,OBP,SLG,OPS,BB,TB,GDP,HBP,SH,SF,IBB,BAbip,tOPS,sOPS
457,5183,ANA,ANA1997,1997,10,1,1,0.5,5.82,6,2,2,0,0,1,17,22,12,11,2,7,1,2,0,1,0,78,1.706,5.29,1.43,70,22,5,0,2,1,1,0.314,0.377,0.471,0.848,7,33,1,0,1,0,1,0.345,118,90
462,5183,ANA,ANA1999,1999,9,2,1,0.667,5.88,12,3,3,0,0,1,26,29,17,17,1,12,0,1,1,0,1,116,1.577,3.12,0.75,103,29,8,0,1,2,1,0.282,0.362,0.388,0.75,12,40,4,1,0,0,0,0.301,96,61
329,5183,ANA,ANA2001,2001,19,3,0,1,3.33,9,3,3,0,0,2,27,21,11,10,3,10,0,1,1,0,1,109,1.148,6.33,1.9,96,21,4,1,3,1,2,0.219,0.299,0.375,0.674,10,36,2,1,2,0,0,0.243,81,50
190,5183,ARI,ARI1998,1998,27,3,3,0.5,5.82,22,6,6,0,0,2,51,54,35,33,12,22,2,2,0,1,1,226,1.49,4.76,1.23,196,54,8,0,12,3,3,0.276,0.347,0.5,0.847,22,98,4,0,7,1,2,0.266,123,94
134,5183,ARI,ARI1999,1999,37,3,4,0.429,6.1,24,7,6,1,0,1,62,76,47,42,12,22,1,6,3,0,3,278,1.581,5.37,1.68,250,76,12,4,12,7,2,0.304,0.366,0.528,0.894,22,132,9,3,2,1,1,0.317,146,88
128,5183,ARI,ARI2000,2000,39,2,4,0.333,9.36,24,6,5,1,0,1,50,81,53,52,14,22,1,4,0,0,2,251,2.06,7.02,1.77,222,81,18,2,14,4,0,0.365,0.417,0.653,1.07,22,145,3,0,4,3,1,0.39,182,132
30,5183,ARI,ARI2001,2001,86,5,5,0.5,6.26,37,10,10,0,0,1,87.2,115,64,61,15,22,1,3,3,0,6,390,1.563,8.83,3.91,355,115,20,1,15,9,6,0.324,0.364,0.513,0.876,22,182,4,3,5,5,1,0.386,144,93
68,5183,ARI,ARI2002,2002,59,5,4,0.556,6.23,38,9,9,0,0,1,78,116,59,54,5,19,2,2,4,1,4,362,1.731,6.81,3.11,336,116,18,2,5,6,4,0.345,0.385,0.455,0.84,19,153,8,4,1,2,2,0.405,141,98
47,5183,ARI,ARI2003,2003,71,4,6,0.4,5.6,46,10,10,0,0,2,88.1,100,68,55,18,46,7,6,7,0,4,416,1.653,7.23,1.54,357,100,20,2,18,5,1,0.28,0.372,0.499,0.871,46,178,7,7,5,1,7,0.305,144,104
89,5183,ARI,ARI2004,2004,54,1,8,0.111,6.81,31,9,9,0,0,1,74,99,66,56,10,42,5,6,4,0,9,360,1.905,6.57,1.29,308,99,21,2,10,4,3,0.321,0.408,0.5,0.908,42,154,8,4,5,1,5,0.363,131,106
73,5183,ARI,ARI2005,2005,58,6,3,0.667,5.42,37,9,9,0,0,3,78,95,53,47,9,35,4,6,3,0,2,365,1.667,6.69,1.66,321,95,18,2,9,5,1,0.296,0.37,0.449,0.819,35,144,4,3,6,0,4,0.339,106,99
29,5183,ARI,ARI2006,2006,87,7,3,0.7,3.36,47,10,10,0,0,4,99,90,43,37,3,33,5,7,5,0,3,419,1.242,7.91,2.64,369,90,24,7,3,2,5,0.244,0.314,0.371,0.685,33,137,6,5,11,1,5,0.311,80,69
48,5183,ARI,ARI2007,2007,71,4,5,0.444,4.35,40,9,9,0,0,4,78.2,85,44,38,5,37,2,5,0,0,0,347,1.551,8.12,1.92,305,85,22,1,5,3,3,0.279,0.357,0.407,0.763,37,124,10,0,5,0,2,0.349,104,90
43,5183,ARI,ARI2008,2008,72,7,2,0.778,2.48,32,9,9,0,0,3,80,69,25,22,12,19,1,5,1,0,2,322,1.1,8.1,3.79,297,69,14,2,12,4,0,0.232,0.28,0.414,0.694,19,123,12,1,4,1,1,0.266,92,74
61,5183,ARI,ARI2009,2009,64,3,6,0.333,6.24,37,9,9,0,0,3,75,82,56,52,14,34,1,2,2,0,4,337,1.547,7.68,1.88,294,82,20,3,14,9,1,0.279,0.356,0.51,0.867,34,150,3,2,6,1,1,0.313,130,115
74,5183,ARI,ARI2010,2010,58,2,7,0.222,6.9,34,9,9,0,0,2,75.2,90,63,58,16,38,1,2,1,0,3,347,1.692,6.9,1.53,300,90,18,3,16,9,3,0.3,0.376,0.54,0.916,38,162,6,1,4,4,1,0.322,131,128
90,5183,ARI,ARI2011,2011,54,6,3,0.667,4.39,39,9,9,0,0,5,80,84,45,39,14,28,0,2,3,0,5,348,1.4,6.08,1.93,309,84,15,3,14,4,0,0.272,0.334,0.476,0.81,28,147,7,3,4,4,0,0.286,122,102
71,5183,ARI,ARI2012,2012,59,5,4,0.556,5.68,40,9,9,0,0,4,77.2,103,53,49,10,25,0,2,4,0,2,352,1.648,6.84,2.36,320,103,19,6,10,1,2,0.322,0.377,0.513,0.89,25,164,10,4,2,1,0,0.369,143,105
87,5183,ARI,ARI2013,2013,55,4,5,0.444,4.42,34,9,8,1,0,1,77.1,79,41,38,9,18,1,4,2,0,2,329,1.254,6.4,3.06,304,79,19,3,9,6,1,0.26,0.303,0.431,0.734,18,131,4,2,2,3,1,0.288,100,86
55,5183,ARI,ARI2014,2014,68,4,6,0.4,7.76,42,10,10,0,0,2,84.2,121,76,73,16,28,4,2,4,2,4,397,1.76,7.23,2.43,360,121,32,5,16,7,1,0.336,0.385,0.586,0.972,28,211,8,4,0,5,4,0.374,160,127
72,5183,ARI,ARI2015,2015,59,5,4,0.556,5.33,38,9,9,0,0,3,77.2,92,52,46,18,24,3,3,3,1,0,342,1.494,6.84,2.46,311,92,18,2,18,9,0,0.296,0.35,0.54,0.89,24,168,11,3,2,2,3,0.314,136,108
40,5183,ARI,ARI2016,2016,74,6,4,0.6,6.85,46,10,10,0,0,1,86.2,119,72,66,15,40,3,7,2,4,8,418,1.835,7.68,1.85,367,119,30,1,15,5,3,0.324,0.391,0.534,0.925,40,196,4,2,6,3,3,0.37,130,117
34,5183,ARI,ARI2017,2017,83,6,3,0.667,3.81,36,9,9,0,0,2,78,74,37,33,9,27,1,3,1,0,5,331,1.295,9.58,3.07,299,74,12,4,9,0,1,0.247,0.311,0.405,0.716,27,121,7,1,2,1,1,0.313,102,73
41,5183,ARI,ARI2018,2018,74,5,5,0.5,7.28,52,10,10,0,0,2,85.1,119,72,69,18,33,3,3,4,2,1,399,1.781,7.8,2.24,358,119,30,1,18,5,5,0.332,0.392,0.573,0.965,33,205,10,4,1,3,3,0.375,174,136
31,5183,ARI,ARI2019,2019,85,4,6,0.4,5.63,50,10,10,0,0,2,88,102,61,55,12,38,3,6,3,0,4,399,1.591,8.69,2.24,351,102,23,3,12,4,1,0.291,0.362,0.476,0.838,38,167,10,3,4,3,3,0.35,123,91
204,5183,ARI,ARI2020,2020,27,2,1,0.667,7.96,18,3,3,0,0,1,26,44,23,23,6,8,3,0,1,0,2,128,2,9.35,3.38,118,44,7,2,6,3,1,0.373,0.414,0.619,1.033,8,73,2,1,0,1,3,0.442,157,152
22,5183,ATL,ATL1993,1993,36,7,0,1,4.57,22,7,7,0,0,2,63,64,36,32,7,23,1,2,2,1,4,264,1.381,5.14,1.57,232,64,12,3,7,6,4,0.276,0.344,0.444,0.788,23,103,8,2,5,2,1,0.298,141,85
7,5183,ATL,ATL1994,1994,36,5,1,0.833,2.29,16,6,4,2,1,1,51,40,13,13,2,13,0,5,0,1,1,201,1.039,6.35,2.77,186,40,6,2,2,4,5,0.215,0.266,0.301,0.567,13,56,4,0,2,0,0,0.257,70,35
115,5183,ATL,ATL1995,1995,41,4,2,0.667,4.55,23,6,5,1,1,0,55.1,61,29,28,5,18,2,1,3,0,2,236,1.428,6.67,2.28,212,61,13,1,5,6,0,0.288,0.352,0.429,0.781,18,91,10,3,3,0,2,0.337,132,73
126,5183,ATL,ATL1996,1996,39,1,5,0.167,10.65,25,6,6,0,0,0,49,83,66,58,9,29,4,4,2,1,7,255,2.286,7.16,1.34,221,83,15,0,9,12,6,0.376,0.449,0.566,1.014,29,125,4,2,1,2,4,0.423,201,120
157,5183,ATL,ATL1997,1997,31,3,3,0.5,6,21,6,5,1,1,1,51,71,36,34,6,15,1,2,2,0,0,231,1.686,5.47,2.07,212,71,7,1,6,7,1,0.335,0.383,0.462,0.845,15,98,10,2,1,1,1,0.369,158,90
252,5183,ATL,ATL1998,1998,23,3,1,0.75,5.4,13,4,3,1,0,2,35,36,22,21,4,11,0,1,1,0,0,149,1.343,5.91,2.09,134,36,3,0,4,3,1,0.269,0.327,0.381,0.707,11,51,3,1,2,1,0,0.296,116,64
107,5183,ATL,ATL1999,1999,44,3,3,0.5,4.63,23,6,6,0,0,1,56.1,59,30,29,7,14,0,2,0,0,1,237,1.296,7.03,3.14,221,59,11,1,7,2,0,0.267,0.308,0.421,0.729,14,93,4,0,0,2,0,0.302,110,54
410,5183,ATL,ATL2000,2000,15,2,1,0.667,3.64,14,3,3,0,0,2,29.2,34,13,12,1,7,3,1,0,0,1,124,1.382,4.55,2.14,111,34,3,1,1,4,3,0.306,0.339,0.378,0.717,7,42,5,0,3,3,3,0.337,100,60
411,5183,ATL,ATL2001,2001,15,2,1,0.667,2.33,11,3,3,0,0,1,27,32,8,7,1,4,1,0,0,0,1,115,1.333,5,3.75,108,32,3,1,1,1,0,0.296,0.321,0.37,0.692,4,40,2,0,3,0,1,0.337,99,55
352,5183,ATL,ATL2002,2002,18,2,1,0.667,2.42,10,3,3,0,0,2,26,25,10,7,1,11,0,1,0,0,1,112,1.385,6.23,1.64,97,25,3,3,1,6,0,0.258,0.33,0.381,0.712,11,37,2,0,3,1,0,0.304,110,68
355,5183,ATL,ATL2003,2003,18,3,0,1,4,11,3,3,0,0,1,27,27,13,12,3,6,0,3,3,0,0,118,1.222,6,3,107,27,6,0,3,2,0,0.252,0.305,0.393,0.698,6,42,2,3,0,2,0,0.273,91,64
241,5183,ATL,ATL2004,2004,24,1,2,0.333,5.4,12,3,3,0,0,0,25,38,23,15,3,10,1,4,1,1,0,128,1.92,8.64,2.4,111,38,3,1,3,0,1,0.342,0.395,0.468,0.864,10,52,0,1,4,2,1,0.407,137,97
436,5183,ATL,ATL2005,2005,13,1,2,0.333,5.96,13,3,3,0,0,0,25.2,34,18,17,1,9,2,4,1,0,2,124,1.675,4.56,1.44,112,34,6,2,1,1,0,0.304,0.358,0.42,0.777,9,47,1,1,1,1,2,0.333,111,90
175,5183,ATL,ATL2006,2006,29,1,3,0.25,7.64,16,4,4,0,0,1,33,46,28,28,6,16,1,1,1,0,0,159,1.879,7.91,1.81,137,46,11,3,6,6,1,0.336,0.406,0.591,0.998,16,81,1,1,4,1,1,0.388,153,143
194,5183,ATL,ATL2007,2007,27,2,1,0.667,5.72,17,3,3,0,0,1,28.1,29,18,18,4,19,0,1,2,0,0,129,1.694,8.58,1.42,108,29,5,1,4,2,2,0.269,0.388,0.444,0.832,19,48,5,2,0,0,0,0.325,126,107
214,5183,ATL,ATL2008,2008,26,1,3,0.25,5.18,12,4,4,0,0,0,33,38,19,19,3,12,4,0,4,0,1,149,1.515,7.09,2.17,133,38,10,2,3,3,1,0.286,0.362,0.459,0.821,12,61,3,4,0,0,4,0.337,116,108
196,5183,ATL,ATL2009,2009,27,2,2,0.5,4.93,21,4,4,0,0,2,34.2,38,19,19,6,17,0,0,2,0,0,151,1.587,7.01,1.59,132,38,9,3,6,3,1,0.288,0.377,0.538,0.915,17,71,7,2,0,0,0,0.323,155,127
289,5183,ATL,ATL2010,2010,21,0,3,0,7.5,11,3,3,0,0,0,24,34,22,20,4,11,1,1,0,0,0,115,1.875,7.88,1.91,103,34,9,2,4,3,1,0.33,0.391,0.573,0.964,11,59,1,0,0,1,1,0.38,177,139
232,5183,ATL,ATL2011,2011,25,2,2,0.5,6.23,16,4,4,0,0,2,34.2,39,25,24,4,19,3,1,3,0,1,163,1.673,6.49,1.32,137,39,5,5,4,3,2,0.285,0.377,0.482,0.858,19,66,1,3,1,3,3,0.315,155,116
246,5183,ATL,ATL2012,2012,24,3,0,1,5.59,12,3,3,0,0,3,29,25,19,18,4,19,2,1,0,0,1,129,1.517,7.45,1.26,107,25,3,0,4,1,0,0.234,0.349,0.374,0.723,19,40,2,0,3,0,2,0.266,113,70
344,5183,ATL,ATL2013,2013,19,2,1,0.667,3.38,14,3,3,0,0,1,29.1,33,11,11,2,6,3,0,1,0,0,124,1.33,5.83,3.17,116,33,4,3,2,3,1,0.284,0.325,0.422,0.748,6,49,1,1,1,0,3,0.326,122,91
176,5183,ATL,ATL2014,2014,29,2,2,0.5,7.68,17,4,4,0,0,2,34,42,29,29,4,15,1,0,3,0,4,157,1.676,7.68,1.93,133,42,8,2,4,2,1,0.316,0.385,0.496,0.881,15,66,0,3,1,5,1,0.362,158,109
137,5183,ATL,ATL2015,2015,36,0,4,0,6.68,19,4,4,0,0,0,32.1,55,24,24,5,12,4,0,1,0,2,159,2.072,10.02,3,144,55,13,4,5,2,2,0.382,0.43,0.632,1.062,12,91,4,1,1,1,4,0.481,175,149
222,5183,ATL,ATL2016,2016,26,0,4,0,7.31,19,4,4,0,0,0,32,34,26,26,9,20,0,0,1,0,2,147,1.688,7.31,1.3,125,34,6,1,9,5,1,0.272,0.377,0.552,0.929,20,69,1,1,1,0,0,0.278,148,117
148,5183,ATL,ATL2017,2017,33,2,2,0.5,7.15,16,4,4,0,0,1,34,40,27,27,7,21,2,0,0,0,1,160,1.794,8.74,1.57,137,40,12,1,7,1,0,0.292,0.384,0.547,0.931,21,75,3,0,1,1,2,0.337,138,124
179,5183,ATL,ATL2018,2018,29,2,1,0.667,1.95,13,3,3,0,0,0,27.2,23,6,6,3,9,1,0,0,0,1,111,1.157,9.43,3.22,102,23,5,1,3,1,1,0.225,0.288,0.382,0.671,9,39,2,0,0,0,1,0.286,95,65
278,5183,ATL,ATL2019,2019,22,2,1,0.667,3.08,14,3,3,0,0,1,26.1,20,10,9,3,10,0,0,0,0,0,104,1.139,7.52,2.2,92,20,4,0,3,1,1,0.217,0.288,0.359,0.647,10,33,3,0,0,2,0,0.246,73,48
435,5183,BAL,BAL2004,2004,13,1,2,0.333,6.12,12,3,3,0,0,1,25,28,18,17,0,15,2,1,0,0,1,114,1.72,4.68,0.87,96,28,8,2,0,0,0,0.292,0.381,0.417,0.797,15,40,4,0,1,2,2,0.329,113,83
225,5183,BAL,BAL2019,2019,26,1,2,0.333,6.92,16,3,3,0,0,1,26,36,22,20,7,9,0,1,0,0,1,120,1.731,9,2.89,108,36,7,2,7,0,0,0.333,0.381,0.63,1.011,9,68,4,0,2,1,0,0.382,138,126
285,5183,BOS,BOS2004,2004,21,1,2,0.333,3.6,10,3,3,0,0,0,25,26,13,10,2,9,0,1,1,0,0,108,1.4,7.56,2.33,97,26,4,0,2,1,1,0.268,0.336,0.371,0.708,9,36,3,1,1,0,0,0.324,97,62
170,5183,BOS,BOS2010,2010,30,1,2,0.333,7.18,14,3,3,0,0,0,26.1,40,21,21,3,7,0,1,1,0,0,124,1.785,10.25,4.29,114,40,3,1,3,1,2,0.351,0.39,0.474,0.864,7,54,1,1,1,1,0,0.451,138,117
440,5183,BOS,BOS2013,2013,13,1,1,0.5,6.88,10,2,2,0,0,0,17,21,13,13,4,8,0,0,0,0,0,77,1.706,6.88,1.62,68,21,5,0,4,3,0,0.309,0.377,0.559,0.935,8,38,1,0,0,1,0,0.327,162,137
325,5183,BOS,BOS2019,2019,20,2,0,1,5,10,2,2,0,0,1,18,26,10,10,2,5,0,0,0,0,0,82,1.722,10,4,77,26,5,0,2,1,1,0.338,0.378,0.481,0.859,5,37,1,0,0,0,0,0.436,126,96
24,5183,CHC,CHC1993,1993,26,3,3,0.5,5.08,19,6,6,0,0,2,51.1,68,31,29,3,9,0,4,2,1,1,222,1.5,4.56,2.89,206,68,17,2,3,3,2,0.33,0.359,0.476,0.835,9,98,4,2,2,3,0,0.361,121,95
10,5183,CHC,CHC1994,1994,28,5,1,0.833,4.08,15,6,4,2,0,1,53,47,26,24,6,20,0,2,0,1,3,221,1.264,4.75,1.4,199,47,8,4,6,1,1,0.236,0.303,0.407,0.71,20,81,3,0,0,2,0,0.246,87,67
123,5183,CHC,CHC1995,1995,39,4,3,0.571,6.23,26,7,7,0,0,3,60.2,72,46,42,14,23,2,4,0,0,0,275,1.566,5.79,1.7,248,72,13,2,14,7,4,0.29,0.348,0.528,0.876,23,131,2,0,2,2,2,0.294,133,90
116,5183,CHC,CHC1996,1996,40,4,2,0.667,7.44,27,6,6,0,0,4,52,69,43,43,12,25,1,0,4,2,2,248,1.808,6.92,1.6,214,69,10,1,12,9,1,0.322,0.402,0.547,0.948,25,117,4,4,4,1,1,0.35,151,104
150,5183,CHC,CHC1997,1997,32,0,6,0,7.13,20,6,6,0,0,0,48,54,42,38,11,25,3,1,2,0,2,221,1.646,6,1.28,188,54,14,1,11,6,2,0.287,0.373,0.548,0.921,25,103,3,2,4,2,3,0.293,136,104
140,5183,CHC,CHC1998,1998,35,5,1,0.833,5.67,28,6,6,0,0,3,54,81,35,34,10,18,4,3,0,0,1,259,1.833,5.83,1.94,236,81,16,1,10,4,0,0.343,0.39,0.547,0.936,18,129,3,0,5,0,4,0.372,145,115
386,5183,CHC,CHC1999,1999,16,2,1,0.667,11.08,12,3,3,0,0,1,26,52,32,32,7,7,2,0,0,0,1,133,2.269,5.54,2.29,124,52,9,3,7,1,1,0.419,0.45,0.71,1.16,7,88,2,0,2,0,2,0.446,182,141
114,5183,CHC,CHC2000,2000,42,2,4,0.333,6.92,23,6,6,0,0,2,52,64,45,40,14,23,2,4,2,2,2,242,1.673,7.27,1.83,210,64,9,4,14,3,4,0.305,0.372,0.586,0.958,23,123,1,2,3,4,2,0.316,137,108
239,5183,CHC,CHC2001,2001,24,1,2,0.333,7.71,11,3,3,0,0,0,25.2,38,22,22,6,15,1,0,1,0,3,128,2.065,8.42,1.6,109,38,14,0,6,0,1,0.349,0.429,0.642,1.071,15,70,2,1,2,1,1,0.4,195,134
353,5183,CHC,CHC2002,2002,18,2,1,0.667,4.15,10,3,3,0,0,0,26,23,12,12,1,3,0,0,2,0,1,104,1,6.23,6,97,23,3,2,1,0,0,0.237,0.269,0.34,0.609,3,33,2,2,0,2,0,0.275,65,43
213,5183,CHC,CHC2003,2003,26,1,2,0.333,7.2,11,3,3,0,0,0,25,35,21,20,3,7,0,1,1,0,0,116,1.68,9.36,3.71,107,35,8,0,3,3,0,0.327,0.374,0.486,0.86,7,52,1,1,1,0,0,0.41,146,102
229,5183,CHC,CHC2004,2004,25,3,0,1,3.67,10,3,3,0,0,2,27,26,12,11,4,8,0,2,1,0,0,114,1.259,8.33,3.12,104,26,2,4,4,2,1,0.25,0.31,0.462,0.771,8,48,3,1,1,0,0,0.293,114,73
159,5183,CHC,CHC2005,2005,31,1,2,0.333,5.4,11,3,3,0,0,1,25,25,16,15,6,8,0,2,1,0,1,109,1.32,11.16,3.88,93,25,3,0,6,0,0,0.269,0.33,0.495,0.825,8,46,2,1,6,1,0,0.333,123,98
423,5183,CHC,CHC2006,2006,14,1,2,0.333,9,13,3,3,0,0,1,25,34,25,25,5,22,1,0,0,0,1,124,2.24,5.04,0.64,99,34,7,1,5,3,2,0.343,0.455,0.586,1.041,22,58,1,0,1,2,1,0.354,169,156
230,5183,CHC,CHC2007,2007,25,2,2,0.5,5.82,16,4,4,0,0,0,34,37,25,22,4,19,1,3,3,0,2,160,1.647,6.62,1.32,136,37,8,1,4,4,1,0.272,0.371,0.434,0.805,19,59,1,3,1,1,1,0.306,124,100
425,5183,CHC,CHC2008,2008,14,1,1,0.5,4.5,9,2,2,0,0,1,18,18,10,9,3,7,1,0,0,0,0,78,1.389,7,2,71,18,3,1,3,2,0,0.254,0.321,0.451,0.771,7,32,2,0,0,0,1,0.278,116,95
197,5183,CHC,CHC2009,2009,27,1,3,0.25,7.36,16,4,4,0,0,1,33,54,33,27,4,9,1,2,2,0,2,159,1.909,7.36,3,148,54,11,3,4,2,2,0.365,0.409,0.561,0.97,9,83,4,2,0,0,1,0.427,170,142
313,5183,CHC,CHC2010,2010,20,0,3,0,10.88,15,3,3,0,0,0,24,41,31,29,5,17,1,1,1,0,0,131,2.417,7.5,1.18,110,41,10,2,5,2,0,0.373,0.454,0.636,1.09,17,70,1,1,1,2,1,0.414,196,171
245,5183,CHC,CHC2011,2011,24,1,2,0.333,6.12,13,3,3,0,0,0,25,28,17,17,2,14,1,0,2,0,0,118,1.68,8.64,1.71,100,28,7,2,2,1,1,0.28,0.376,0.45,0.826,14,45,0,2,1,1,1,0.347,121,109
453,5183,CHC,CHC2012,2012,12,0,3,0,9.41,10,3,3,0,0,0,22,37,23,23,5,6,0,0,1,0,2,103,1.955,4.91,2,92,37,4,2,5,2,1,0.402,0.44,0.652,1.092,6,60,5,1,2,1,0,0.421,185,150
345,5183,CHC,CHC2013,2013,19,1,2,0.333,4.32,10,3,3,0,0,1,25,23,14,12,2,13,1,0,0,0,0,106,1.44,6.84,1.46,92,23,6,1,2,3,0,0.25,0.34,0.402,0.742,13,37,3,0,0,1,1,0.292,107,90
403,5183,CHC,CHC2014,2014,16,2,1,0.667,5.59,13,3,3,0,0,1,29,36,20,18,3,9,1,2,2,0,1,129,1.552,4.97,1.78,114,36,7,2,3,0,1,0.316,0.376,0.491,0.867,9,56,5,2,4,0,1,0.347,149,105
233,5183,CHC,CHC2015,2015,25,2,1,0.667,5.19,14,3,3,0,0,1,26,34,15,15,2,6,1,2,0,0,1,115,1.538,8.65,4.17,109,34,9,1,2,1,0,0.312,0.348,0.468,0.816,6,51,2,0,0,0,1,0.39,146,92
223,5183,CHC,CHC2016,2016,26,1,2,0.333,4.61,11,3,3,0,0,0,27.1,30,20,14,5,9,0,3,0,0,0,120,1.427,8.56,2.89,110,30,7,0,5,1,0,0.273,0.325,0.473,0.798,9,52,1,0,0,1,0,0.313,150,86
165,5183,CHC,CHC2017,2017,31,1,2,0.333,3.24,8,3,3,0,0,0,25,28,14,9,1,8,0,1,0,0,2,110,1.44,11.16,3.88,99,28,3,1,1,2,0,0.283,0.33,0.364,0.694,8,36,1,0,1,2,0,0.391,96,70
200,5183,CHC,CHC2018,2018,27,2,1,0.667,5.54,12,3,3,0,0,1,26,28,17,16,3,14,0,1,2,0,1,118,1.615,9.35,1.93,101,28,6,1,3,4,0,0.277,0.376,0.446,0.822,14,45,3,2,1,0,0,0.352,135,105
324,5183,CHC,CHC2019,2019,20,1,2,0.333,5.76,10,3,3,0,0,0,25,30,17,16,4,8,0,0,3,0,2,111,1.52,7.2,2.5,99,30,5,0,4,2,0,0.303,0.369,0.475,0.844,8,47,2,3,0,1,0,0.342,129,93
147,5183,CHW,CHW2005,2005,33,3,0,1,3,10,3,3,0,0,1,27,15,9,9,2,8,2,0,1,0,2,105,0.852,11,4.12,95,15,2,0,2,3,0,0.158,0.231,0.242,0.473,8,23,0,1,1,0,2,0.217,36,16
314,5183,CHW,CHW2011,2011,20,2,1,0.667,2.56,14,3,3,0,0,2,31.2,27,9,9,3,13,3,1,0,0,0,129,1.263,5.68,1.54,111,27,1,1,3,1,2,0.243,0.32,0.351,0.671,13,39,4,0,4,1,3,0.27,89,71
379,5183,CHW,CHW2014,2014,17,1,2,0.333,7.56,11,3,3,0,0,0,25,36,21,21,3,10,0,1,1,0,0,118,1.84,6.12,1.7,104,36,8,1,3,1,1,0.346,0.402,0.529,0.931,10,55,3,1,1,2,0,0.384,151,120
178,5183,CHW,CHW2017,2017,29,1,2,0.333,8.28,14,3,3,0,0,1,25,35,26,23,6,12,1,2,0,0,2,120,1.88,10.44,2.42,107,35,7,1,6,2,0,0.327,0.392,0.579,0.971,12,62,4,0,0,1,1,0.397,145,133
15,5183,CIN,CIN1993,1993,38,2,4,0.333,8.19,22,6,5,1,1,1,51.2,65,54,47,10,16,2,6,1,0,1,237,1.568,6.62,2.38,212,65,10,5,10,8,2,0.307,0.353,0.542,0.896,16,115,6,1,5,3,2,0.329,134,107
6,5183,CIN,CIN1994,1994,26,1,3,0.25,7.09,13,4,3,1,0,0,33,48,26,26,5,10,0,0,0,1,4,151,1.758,7.09,2.6,139,48,4,3,5,2,2,0.345,0.389,0.525,0.914,10,73,3,0,2,0,0,0.398,150,115
251,5183,CIN,CIN1995,1995,23,1,5,0.167,7.35,19,6,6,0,0,0,49,64,43,40,12,22,2,3,3,1,3,230,1.755,4.22,1.05,197,64,16,3,12,6,1,0.325,0.396,0.619,1.015,22,122,7,3,5,3,2,0.315,178,120
103,5183,CIN,CIN1996,1996,45,4,3,0.571,7.14,27,7,7,0,0,2,58,67,50,46,10,31,0,5,1,0,2,271,1.69,6.98,1.45,230,67,14,5,10,16,3,0.291,0.371,0.526,0.897,31,121,2,1,3,5,0,0.317,136,92
172,5183,CIN,CIN1997,1997,29,2,4,0.333,9.36,25,6,6,0,0,2,50,83,52,52,16,20,1,1,3,0,3,249,2.06,5.22,1.45,221,83,19,1,16,5,2,0.376,0.433,0.688,1.12,20,152,4,3,4,1,1,0.379,196,147
139,5183,CIN,CIN1998,1998,35,3,3,0.5,6.35,18,6,6,0,0,2,51,80,36,36,6,16,1,0,1,0,2,241,1.882,6.18,2.19,217,80,16,1,6,3,3,0.369,0.409,0.535,0.944,16,116,5,1,4,3,1,0.413,152,117
420,5183,CIN,CIN1999,1999,14,3,0,1,5.33,11,3,3,0,0,2,27,27,17,16,5,12,0,1,0,0,1,118,1.444,4.67,1.17,102,27,3,1,5,1,0,0.265,0.333,0.461,0.794,12,47,2,0,1,3,0,0.256,115,67
211,5183,CIN,CIN2000,2000,26,4,2,0.667,4.67,16,6,5,1,0,1,52,50,29,27,4,24,2,4,2,1,7,227,1.423,4.5,1.08,198,50,11,2,4,5,1,0.253,0.336,0.389,0.725,24,77,6,2,1,2,2,0.271,87,61
388,5183,CIN,CIN2001,2001,16,2,1,0.667,8.65,11,3,3,0,0,1,26,40,27,25,2,12,0,2,1,1,2,127,2,5.54,1.33,111,40,10,2,2,3,2,0.36,0.421,0.541,0.961,12,60,2,1,1,2,0,0.4,142,113
433,5183,CIN,CIN2002,2002,13,0,3,0,8.63,12,3,3,0,0,0,24,39,24,23,2,8,1,1,0,0,0,112,1.958,4.88,1.62,103,39,15,4,2,1,0,0.379,0.42,0.66,1.08,8,68,7,0,0,1,1,0.416,179,149
370,5183,CIN,CIN2003,2003,17,2,1,0.667,7.62,12,3,3,0,0,1,26,24,23,22,4,19,0,1,0,0,1,119,1.654,5.88,0.89,100,24,6,0,4,0,1,0.24,0.361,0.42,0.781,19,42,1,0,0,0,0,0.253,94,85
393,5183,CIN,CIN2004,2004,16,1,2,0.333,7.92,9,3,3,0,0,0,25,37,24,22,8,8,0,2,0,0,2,119,1.8,5.76,2,110,37,7,1,8,1,0,0.336,0.378,0.636,1.015,8,70,2,0,0,1,0,0.333,141,125
372,5183,CIN,CIN2005,2005,17,0,3,0,9.75,11,3,3,0,0,0,24,44,27,26,4,10,2,1,0,0,1,125,2.25,6.38,1.7,110,44,11,1,4,2,0,0.4,0.443,0.627,1.07,10,69,0,0,3,2,2,0.44,156,158
337,5183,CIN,CIN2006,2006,19,1,1,0.5,2.12,5,2,2,0,0,0,17,15,4,4,0,4,1,1,0,0,0,70,1.118,10.06,4.75,66,15,3,0,0,2,0,0.227,0.271,0.273,0.544,4,18,1,0,0,0,1,0.319,40,36
449,5183,CIN,CIN2007,2007,12,1,2,0.333,5.13,11,3,3,0,0,1,26.1,34,16,15,2,12,2,1,0,1,1,121,1.747,4.1,1,109,34,4,1,2,2,0,0.312,0.38,0.422,0.802,12,46,3,0,0,0,2,0.337,103,100
255,5183,CIN,CIN2008,2008,23,1,2,0.333,4.45,14,3,3,0,0,1,28.1,36,16,14,1,16,0,4,0,1,3,137,1.835,7.31,1.44,118,36,7,0,1,7,0,0.305,0.388,0.39,0.778,16,46,2,0,3,0,0,0.372,99,100
312,5183,CIN,CIN2009,2009,20,0,4,0,4.41,15,4,4,0,0,0,32.2,31,16,16,3,15,0,1,0,0,0,138,1.408,5.51,1.33,114,31,5,0,3,3,0,0.272,0.346,0.395,0.741,15,45,4,0,5,4,0,0.295,98,87
219,5183,CIN,CIN2010,2010,26,0,4,0,7.31,18,4,4,0,0,0,32,44,29,26,7,16,1,3,0,0,2,153,1.875,7.31,1.62,135,44,9,2,7,3,1,0.326,0.397,0.578,0.975,16,78,5,0,2,0,1,0.363,169,142
275,5183,CIN,CIN2011,2011,22,1,2,0.333,5.4,14,3,3,0,0,1,25,26,17,15,6,11,2,1,4,0,1,117,1.48,7.92,2,100,26,2,0,6,4,0,0.26,0.353,0.46,0.813,11,46,0,4,1,1,2,0.274,120,104
316,5183,CIN,CIN2012,2012,20,3,0,1,2.67,11,3,3,0,0,2,27,27,9,8,2,9,0,1,1,0,2,116,1.333,6.67,2.22,105,27,6,0,2,0,1,0.257,0.319,0.371,0.69,9,39,2,1,0,1,0,0.298,100,61
362,5183,CIN,CIN2013,2013,18,1,2,0.333,6.84,12,3,3,0,0,0,25,38,19,19,5,4,1,0,0,0,0,113,1.68,6.48,4.5,108,38,9,1,5,3,1,0.352,0.372,0.593,0.964,4,64,4,0,0,1,1,0.384,179,143
199,5183,CIN,CIN2014,2014,27,1,3,0.25,6.95,14,4,4,0,0,1,33.2,46,29,26,7,17,2,1,1,0,1,161,1.871,7.22,1.59,139,46,7,1,7,3,1,0.331,0.4,0.547,0.947,17,76,3,1,1,3,2,0.361,172,123
348,5183,CIN,CIN2015,2015,19,1,2,0.333,8.42,11,3,3,0,0,1,25.2,32,25,24,7,9,0,1,1,1,1,118,1.597,6.66,2.11,105,32,2,5,7,1,0,0.305,0.359,0.619,0.978,9,65,1,1,1,2,0,0.309,157,126
263,5183,CIN,CIN2016,2016,23,3,1,0.75,7.71,15,4,4,0,0,1,35,42,31,30,12,17,0,1,2,0,1,161,1.686,5.91,1.35,139,42,12,0,12,0,0,0.302,0.384,0.647,1.031,17,90,6,2,2,1,0,0.286,153,138
122,5183,CIN,CIN2017,2017,40,2,2,0.5,3.71,16,4,4,0,0,0,34,34,14,14,4,7,0,1,1,0,2,139,1.206,10.59,5.71,128,34,4,1,4,2,1,0.266,0.304,0.406,0.711,7,52,3,1,1,2,0,0.349,75,72
321,5183,CIN,CIN2018,2018,20,1,2,0.333,6.48,14,3,3,0,0,1,25,33,18,18,5,12,1,0,0,0,1,113,1.8,7.2,1.67,99,33,5,2,5,0,0,0.333,0.402,0.576,0.978,12,57,6,0,1,1,1,0.373,149,140
237,5183,CIN,CIN2019,2019,25,1,2,0.333,6.12,13,3,3,0,0,0,25,37,22,17,5,6,0,4,0,0,0,115,1.72,9,4.17,107,37,7,1,5,2,1,0.346,0.381,0.57,0.951,6,61,3,0,2,0,0,0.416,162,114
300,5183,CLE,CLE2002,2002,20,2,1,0.667,4.5,13,3,3,0,0,2,26,29,14,13,3,9,0,0,1,0,2,114,1.462,6.92,2.22,100,29,5,1,3,1,2,0.29,0.348,0.45,0.798,9,45,0,1,2,2,0,0.329,106,86
391,5183,CLE,CLE2003,2003,16,0,3,0,6,10,3,3,0,0,0,24,27,16,16,6,9,0,1,0,1,0,106,1.5,6,1.78,96,27,2,2,6,0,2,0.281,0.34,0.531,0.871,9,51,1,0,0,1,0,0.28,128,102
414,5183,CLE,CLE2008,2008,15,0,3,0,7.13,8,3,3,0,0,0,24,40,20,19,4,8,2,0,1,0,0,115,2,5.63,1.88,103,40,8,1,4,3,0,0.388,0.434,0.602,1.036,8,62,4,1,2,1,2,0.424,174,161
405,5183,CLE,CLE2017,2017,16,0,2,0,9.56,14,2,2,0,0,0,16,23,19,17,3,14,3,1,0,0,3,82,2.313,9,1.14,67,23,5,1,3,3,1,0.343,0.457,0.582,1.039,14,39,3,0,1,0,3,0.417,209,152
14,5183,COL,COL1994,1994,351,25,32,0.439,5.77,237,57,54,3,1,9,513,628,356,329,61,220,21,35,24,6,29,2346,1.653,6.16,1.6,2057,628,121,31,61,34,22,0.305,0.376,0.483,0.859,220,994,49,24,27,18,21,0.341,107,103
23,5183,COL,COL1995,1995,458,44,28,0.611,6.17,322,72,72,0,0,22,658,843,490,451,107,252,18,36,22,8,33,3010,1.664,6.26,1.82,2679,843,165,28,107,39,24,0.315,0.376,0.517,0.893,252,1385,66,22,41,16,18,0.346,121,95
24,5183,COL,COL1996,1996,457,55,26,0.679,6.18,313,81,76,5,1,16,738,903,559,507,122,314,8,43,36,7,33,3369,1.649,5.57,1.46,2966,903,168,25,122,48,22,0.304,0.375,0.501,0.876,314,1487,87,36,29,24,8,0.324,112,89
25,5183,COL,COL1997,1997,451,47,34,0.58,5.67,305,81,77,4,1,19,738,932,501,465,121,263,9,36,36,3,27,3341,1.619,5.5,1.71,2972,932,181,22,121,56,26,0.314,0.373,0.511,0.885,263,1520,91,36,42,28,9,0.334,108,97
22,5183,COL,COL1998,1998,467,42,39,0.519,5.7,316,81,77,4,0,16,741,885,505,469,101,273,9,24,30,4,24,3299,1.563,5.67,1.71,2931,885,153,26,101,42,29,0.302,0.364,0.475,0.84,273,1393,75,30,39,26,9,0.328,109,93
12,5183,COL,COL1999,1999,526,39,42,0.481,7.14,320,81,77,4,1,13,739,987,626,586,159,385,24,32,32,2,31,3494,1.857,6.41,1.37,3005,987,181,26,159,68,34,0.328,0.407,0.565,0.972,385,1697,89,32,46,26,24,0.353,119,105
15,5183,COL,COL2000,2000,522,48,33,0.593,6.06,349,81,78,3,0,13,739,896,531,498,133,303,41,29,33,2,18,3354,1.622,6.36,1.72,2956,896,174,22,133,41,15,0.303,0.371,0.512,0.883,303,1513,78,33,30,31,41,0.327,114,94
10,5183,COL,COL2001,2001,537,41,40,0.506,6.12,345,81,77,4,2,12,734,834,531,499,144,332,39,26,28,0,20,3299,1.589,6.58,1.62,2885,834,181,18,144,58,15,0.289,0.365,0.514,0.879,332,1483,79,28,31,23,39,0.31,111,93
17,5183,COL,COL2002,2002,493,47,34,0.58,5.47,347,81,81,0,0,23,734,823,491,446,135,281,22,34,33,3,22,3257,1.504,6.04,1.75,2897,823,167,23,135,38,17,0.284,0.351,0.497,0.849,281,1441,78,33,22,24,22,0.3,107,97
20,5183,COL,COL2003,2003,472,49,32,0.605,5.1,346,81,80,1,0,20,737,847,450,418,117,247,22,28,49,5,22,3268,1.484,5.76,1.91,2925,847,163,28,117,37,15,0.29,0.353,0.484,0.837,247,1417,77,49,26,21,22,0.31,101,96
19,5183,COL,COL2004,2004,488,38,43,0.469,6.27,333,81,79,2,0,18,733,906,532,511,110,374,42,21,31,3,31,3426,1.746,5.99,1.3,2947,906,188,26,110,61,20,0.307,0.388,0.501,0.888,374,1476,64,31,43,31,42,0.334,111,101
16,5183,COL,COL2005,2005,505,40,41,0.494,5.19,323,81,78,3,1,18,735,860,447,424,84,293,30,31,46,2,31,3316,1.569,6.18,1.72,2918,860,184,19,84,40,19,0.295,0.365,0.457,0.822,293,1334,73,46,28,30,30,0.329,101,100
18,5183,COL,COL2006,2006,491,44,37,0.543,4.72,338,81,78,3,2,16,746,818,413,391,93,280,28,30,25,1,15,3252,1.472,5.92,1.75,2901,818,167,27,93,50,16,0.282,0.349,0.454,0.803,280,1318,97,25,30,16,28,0.311,105,97
21,5183,COL,COL2007,2007,472,51,31,0.622,4.34,361,82,81,1,0,18,754,796,396,364,82,231,31,26,22,3,19,3218,1.362,5.63,2.04,2910,796,178,27,82,42,13,0.274,0.329,0.438,0.767,231,1274,83,22,28,27,31,0.3,103,89
14,5183,COL,COL2008,2008,523,43,38,0.531,4.83,329,81,78,3,1,19,745,814,420,400,82,253,24,25,30,1,27,3243,1.432,6.32,2.07,2912,814,163,22,82,38,14,0.28,0.341,0.435,0.776,253,1267,71,30,23,25,24,0.314,100,97
6,5183,COL,COL2009,2009,592,51,30,0.63,4.41,343,81,80,1,0,20,737,754,379,361,74,276,27,29,20,2,28,3185,1.398,7.23,2.14,2836,754,153,30,74,65,13,0.266,0.333,0.419,0.752,276,1189,66,20,33,20,27,0.311,105,88
4,5183,COL,COL2010,2010,634,52,29,0.642,4.25,350,81,79,2,0,20,743,743,379,351,79,232,26,27,30,5,38,3146,1.312,7.68,2.73,2826,743,161,14,79,32,22,0.263,0.323,0.414,0.737,232,1169,84,30,34,24,26,0.311,103,85
9,5183,COL,COL2011,2011,544,38,43,0.469,4.72,351,81,80,1,1,15,742,817,427,389,101,241,22,27,22,3,29,3216,1.426,6.6,2.26,2905,817,166,25,101,46,20,0.281,0.339,0.46,0.798,241,1336,79,22,24,22,22,0.314,109,100
7,5183,COL,COL2012,2012,574,35,46,0.432,5.97,376,81,81,0,0,14,734,909,523,487,118,269,23,44,30,3,47,3336,1.605,7.04,2.13,2972,909,171,29,118,59,24,0.306,0.366,0.502,0.868,269,1492,76,30,38,27,23,0.343,109,100
11,5183,COL,COL2013,2013,535,45,36,0.556,4.43,344,81,81,0,0,16,747,813,387,368,71,241,20,25,22,9,32,3223,1.411,6.45,2.22,2907,813,177,13,71,50,18,0.28,0.337,0.423,0.76,241,1229,77,22,32,21,20,0.32,99,94
13,5183,COL,COL2014,2014,525,45,36,0.556,5.05,371,81,80,1,1,8,740,825,444,415,90,266,18,21,24,2,35,3251,1.474,6.39,1.97,2903,825,173,22,90,44,4,0.284,0.346,0.452,0.798,266,1312,78,24,24,33,18,0.317,103,89
8,5183,COL,COL2015,2015,560,36,45,0.444,5.68,391,81,78,3,1,14,730.1,878,483,461,100,287,21,24,23,2,44,3274,1.595,6.9,1.95,2912,878,201,25,100,52,18,0.302,0.366,0.491,0.857,287,1429,82,23,31,21,21,0.342,110,102
3,5183,COL,COL2016,2016,636,42,39,0.519,5.4,354,81,79,2,2,19,736,840,477,442,99,257,22,27,40,2,34,3263,1.49,7.78,2.47,2912,840,179,25,99,55,16,0.288,0.352,0.469,0.821,257,1366,68,40,33,19,22,0.337,107,93
5,5183,COL,COL2017,2017,621,46,35,0.568,4.93,352,81,81,0,0,19,729,770,415,399,98,269,10,19,22,3,31,3149,1.425,7.67,2.31,2818,770,159,31,98,31,12,0.273,0.34,0.456,0.796,269,1285,88,22,26,14,10,0.318,106,92
1,5183,COL,COL2018,2018,725,47,34,0.58,4.63,359,81,81,0,0,20,733,749,404,377,101,267,15,22,27,5,36,3165,1.386,8.9,2.72,2828,749,159,27,101,46,11,0.265,0.332,0.447,0.779,267,1265,78,27,17,24,15,0.32,111,92
2,5183,COL,COL2019,2019,649,43,38,0.531,6.2,398,81,81,0,0,17,745,885,544,513,144,294,15,31,30,5,30,3365,1.583,7.84,2.21,2989,885,190,28,144,30,16,0.296,0.362,0.523,0.885,294,1563,76,30,27,25,15,0.334,110,100
26,5183,COL,COL2020,2020,205,12,18,0.4,6.52,130,30,29,1,0,8,272,333,213,197,43,88,1,10,19,0,16,1218,1.548,6.78,2.33,1103,333,69,13,43,12,3,0.302,0.361,0.505,0.866,88,557,38,19,0,8,1,0.336,108,112
392,5183,DET,DET2003,2003,16,1,2,0.333,6.48,9,3,3,0,0,0,25,28,19,18,5,13,0,2,2,0,2,114,1.64,5.76,1.23,97,28,2,1,5,0,0,0.289,0.381,0.485,0.865,13,47,6,2,1,1,0,0.299,113,104
242,5183,DET,DET2004,2004,24,0,3,0,10.44,15,3,3,0,0,0,25,41,30,29,3,15,2,0,1,0,3,130,2.24,8.64,1.6,109,41,13,2,3,2,0,0.376,0.452,0.615,1.067,15,67,4,1,4,1,2,0.458,172,141
356,5183,DET,DET2005,2005,18,1,2,0.333,4.68,13,3,3,0,0,1,25,27,13,13,3,7,0,0,1,0,3,106,1.36,6.48,2.57,97,27,4,0,3,2,2,0.278,0.333,0.412,0.746,7,40,0,1,1,0,0,0.316,95,81
400,5183,DET,DET2011,2011,16,1,2,0.333,5.76,8,3,2,1,0,0,25,24,19,16,4,11,0,1,1,0,0,110,1.4,5.76,1.45,96,24,4,1,4,1,1,0.25,0.33,0.438,0.768,11,42,0,1,1,1,0,0.26,113,93
224,5183,DET,DET2017,2017,26,2,1,0.667,4.15,14,3,3,0,0,1,26,28,12,12,4,7,0,0,0,0,0,111,1.346,9,3.71,102,28,2,0,4,1,0,0.275,0.318,0.412,0.73,7,42,1,0,1,1,0,0.329,80,77
25,5183,FLA,FLA1993,1993,29,2,4,0.333,3.91,20,6,6,0,0,1,50.2,52,24,22,5,16,0,2,1,2,2,211,1.342,5.15,1.81,190,52,11,3,5,6,8,0.274,0.327,0.442,0.769,16,84,4,1,0,4,0,0.294,110,80
11,5183,FLA,FLA1994,1994,47,4,2,0.667,4.67,21,6,5,1,1,2,52,56,32,27,7,22,2,4,0,0,6,227,1.5,8.13,2.14,201,56,12,3,7,1,3,0.279,0.348,0.473,0.821,22,95,7,0,3,1,2,0.331,108,93
181,5183,FLA,FLA1995,1995,28,3,3,0.5,4.24,18,6,4,2,1,0,51,56,24,24,7,18,0,0,3,0,0,220,1.451,4.94,1.56,194,56,6,4,7,0,3,0.289,0.358,0.469,0.827,18,91,6,3,5,0,0,0.308,117,82
125,5183,FLA,FLA1996,1996,39,1,5,0.167,10.58,24,6,6,0,0,0,49.1,87,63,58,15,25,1,3,5,0,1,255,2.27,7.11,1.56,220,87,14,1,15,6,3,0.395,0.466,0.673,1.139,25,148,9,5,4,1,1,0.431,219,144
173,5183,FLA,FLA1997,1997,29,2,3,0.4,7.43,16,5,4,1,0,1,40,59,33,33,5,14,2,2,3,0,3,187,1.825,6.53,2.07,168,59,8,3,5,2,1,0.351,0.409,0.524,0.932,14,88,4,3,1,1,2,0.4,159,109
253,5183,FLA,FLA1998,1998,23,1,5,0.167,8.53,23,6,6,0,0,1,50.2,84,50,48,7,33,4,3,0,0,2,258,2.309,4.09,0.7,217,84,14,0,7,3,2,0.387,0.466,0.548,1.015,33,119,9,0,7,1,4,0.41,147,135
461,5183,FLA,FLA1999,1999,9,0,3,0,9.99,12,3,3,0,0,0,24.1,44,29,27,7,6,0,1,1,0,1,124,2.055,3.33,1.5,114,44,10,2,7,0,0,0.386,0.415,0.693,1.108,6,79,1,1,1,2,0,0.37,173,130
212,5183,FLA,FLA2000,2000,26,3,3,0.5,7.88,20,6,5,1,0,1,48,67,45,42,6,21,3,4,1,0,1,233,1.833,4.88,1.24,204,67,17,1,6,6,2,0.328,0.385,0.51,0.895,21,104,2,1,2,5,3,0.345,130,97
445,5183,FLA,FLA2001,2001,12,0,3,0,9.75,13,3,3,0,0,0,24,41,26,26,8,8,2,0,3,0,0,119,2.042,4.5,1.5,103,41,10,4,8,2,2,0.398,0.452,0.806,1.258,8,83,2,3,4,1,2,0.393,230,171
330,5183,FLA,FLA2002,2002,19,1,3,0.25,6.55,12,4,4,0,0,1,33,38,26,24,9,20,1,2,0,0,1,152,1.758,5.18,0.95,130,38,5,0,9,4,1,0.292,0.384,0.538,0.923,20,70,3,0,1,1,1,0.282,142,114
434,5183,FLA,FLA2003,2003,13,0,3,0,8.63,9,3,3,0,0,0,24,31,24,23,5,8,1,0,2,0,1,110,1.625,4.88,1.62,95,31,11,1,5,3,1,0.326,0.387,0.621,1.008,8,59,3,2,4,1,1,0.333,176,133
284,5183,FLA,FLA2004,2004,21,2,1,0.667,6.92,11,3,3,0,0,1,26,28,20,20,6,9,1,1,2,0,2,115,1.423,7.27,2.33,103,28,10,0,6,0,0,0.272,0.342,0.544,0.886,9,56,2,2,1,0,1,0.289,138,98
307,5183,FLA,FLA2005,2005,20,1,2,0.333,3.25,11,3,3,0,0,0,27.2,31,12,10,2,11,1,2,2,0,1,125,1.518,6.51,1.82,110,31,5,1,2,4,1,0.282,0.358,0.4,0.758,11,44,3,2,2,0,1,0.33,105,85
286,5183,FLA,FLA2006,2006,21,3,0,1,1.67,10,3,3,0,0,2,27,24,5,5,3,4,0,0,2,0,1,106,1.037,7,5.25,100,24,2,0,3,0,1,0.24,0.283,0.35,0.633,4,35,3,2,0,0,0,0.276,64,56
396,5183,FLA,FLA2007,2007,16,2,1,0.667,6.92,15,3,3,0,0,1,26,37,21,20,6,13,0,4,2,0,4,128,1.923,5.54,1.23,111,37,6,0,6,0,0,0.333,0.409,0.55,0.959,13,61,6,2,1,1,0,0.344,137,136
169,5183,FLA,FLA2008,2008,30,1,3,0.25,9.17,24,4,4,0,0,0,35.1,50,41,36,12,22,2,4,2,0,5,181,2.038,7.64,1.36,153,50,11,0,12,2,1,0.327,0.413,0.634,1.047,22,97,2,2,2,2,2,0.336,180,163
272,5183,FLA,FLA2009,2009,22,2,1,0.667,2.08,12,3,3,0,0,1,26,23,7,6,2,8,1,2,0,0,1,109,1.192,7.62,2.75,99,23,5,1,2,2,1,0.232,0.287,0.364,0.651,8,36,1,0,1,1,1,0.276,75,63
288,5183,FLA,FLA2010,2010,21,1,2,0.333,6.12,10,3,3,0,0,1,25,28,17,17,4,12,2,1,2,0,0,111,1.6,7.56,1.75,95,28,4,2,4,2,1,0.295,0.385,0.505,0.891,12,48,4,2,2,0,2,0.343,143,123
315,5183,FLA,FLA2011,2011,20,1,2,0.333,8.42,12,3,3,0,0,1,25.2,34,24,24,7,6,1,2,1,0,0,119,1.558,7.01,3.33,112,34,6,1,7,2,0,0.304,0.345,0.563,0.907,6,63,1,1,0,0,1,0.318,150,125
1,5183,COL,Home,1994,351,25,32,0.439,5.77,237,57,54,3,1,9,513,628,356,329,61,220,21,35,24,6,29,2346,1.653,6.16,1.6,2057,628,121,31,61,34,22,0.305,0.376,0.483,0.859,220,994,49,24,27,18,21,0.341,107,129
18,5183,HOU,HOU1993,1993,28,0,7,0,7.34,24,7,7,0,0,0,57.2,96,55,47,5,26,4,6,2,2,5,283,2.116,4.37,1.08,249,96,23,3,5,7,4,0.386,0.446,0.562,1.008,26,140,12,2,5,1,4,0.419,196,137
3,5183,HOU,HOU1994,1994,14,1,2,0.333,7.92,11,3,3,0,0,1,25,43,26,22,2,7,1,4,4,0,4,127,2,5.04,2,112,43,14,1,2,5,1,0.384,0.429,0.58,1.009,7,65,4,4,1,3,1,0.414,174,137
367,5183,HOU,HOU1995,1995,17,1,2,0.333,9,11,3,3,0,0,0,25,41,27,25,8,12,1,2,2,0,0,131,2.12,6.12,1.42,115,41,7,2,8,2,1,0.357,0.423,0.661,1.084,12,76,0,2,1,1,1,0.363,194,135
156,5183,HOU,HOU1996,1996,31,1,5,0.167,8.08,23,6,6,0,0,0,49,71,48,44,11,20,1,2,5,0,2,238,1.857,5.69,1.55,209,71,15,1,11,3,3,0.34,0.407,0.579,0.986,20,121,5,5,2,2,1,0.355,157,111
207,5183,HOU,HOU1997,1997,26,2,3,0.4,6.21,20,5,5,0,0,1,42,48,29,29,10,20,0,3,2,1,0,191,1.619,5.57,1.3,164,48,7,1,10,4,2,0.293,0.372,0.53,0.903,20,87,5,2,3,2,0,0.292,156,100
209,5183,HOU,HOU1998,1998,26,1,4,0.2,5.64,19,5,5,0,0,1,44.2,58,33,28,9,18,2,1,1,0,2,206,1.701,5.24,1.44,180,58,10,1,9,6,2,0.322,0.383,0.539,0.922,18,97,3,1,5,2,2,0.333,158,111
444,5183,HOU,HOU1999,1999,12,3,1,0.75,4.89,13,4,4,0,0,2,35,49,20,19,4,8,0,1,0,0,1,158,1.629,3.09,1.5,146,49,5,0,4,0,0,0.336,0.363,0.452,0.815,8,66,3,0,1,3,0,0.338,125,73
168,5183,HOU,HOU2000,2000,30,2,4,0.333,5.54,24,6,6,0,0,1,50.1,65,38,31,6,31,2,3,2,0,5,244,1.907,5.36,0.97,207,65,10,3,6,6,2,0.314,0.405,0.478,0.883,31,99,5,2,2,2,2,0.341,115,96
431,5183,HOU,HOU2001,2001,13,1,2,0.333,6.48,10,3,3,0,0,1,25,35,19,18,6,4,0,1,0,0,2,111,1.56,4.68,3.25,107,35,8,0,6,2,2,0.327,0.351,0.57,0.921,4,61,2,0,0,0,0,0.33,138,100
351,5183,HOU,HOU2002,2002,18,1,2,0.333,6.48,10,3,3,0,0,0,25,36,18,18,7,7,1,1,0,0,0,112,1.72,6.48,2.57,103,36,4,2,7,2,2,0.35,0.387,0.631,1.018,7,65,4,0,1,1,1,0.367,171,134
283,5183,HOU,HOU2003,2003,21,2,1,0.667,3.81,10,3,3,0,0,0,26,24,11,11,4,13,2,2,1,0,0,112,1.423,7.27,1.62,97,24,6,1,4,0,1,0.247,0.342,0.454,0.796,13,44,4,1,1,0,2,0.278,119,87
184,5183,HOU,HOU2004,2004,28,2,1,0.667,5.19,12,3,3,0,0,1,26,30,16,15,6,9,0,2,0,0,2,112,1.5,9.69,3.11,103,30,7,0,6,0,2,0.291,0.348,0.534,0.882,9,55,5,0,0,0,0,0.348,134,97
270,5183,HOU,HOU2005,2005,22,2,1,0.667,3.46,11,3,3,0,0,0,26,27,12,10,2,8,0,2,2,0,0,114,1.346,7.62,2.75,104,27,4,1,2,0,0,0.26,0.325,0.375,0.7,8,39,4,2,0,0,0,0.313,102,71
459,5183,HOU,HOU2006,2006,10,0,3,0,4.81,11,3,3,0,0,0,24.1,26,15,13,2,10,1,2,1,0,0,106,1.479,3.7,1,88,26,9,0,2,3,1,0.295,0.366,0.466,0.832,10,41,3,1,5,2,1,0.308,125,105
374,5183,HOU,HOU2007,2007,17,1,2,0.333,5.68,14,3,3,0,0,1,25.1,36,16,16,3,8,1,1,2,1,0,121,1.737,6.04,2.12,109,36,10,4,3,2,1,0.33,0.383,0.578,0.961,8,63,0,2,1,1,1,0.367,141,135
215,5183,HOU,HOU2008,2008,26,2,1,0.667,3.46,11,3,2,1,1,1,26,17,10,10,2,9,0,0,4,0,1,107,1,9,2.89,92,17,1,0,2,1,0,0.185,0.283,0.261,0.544,9,24,1,4,1,1,0,0.231,46,41
216,5183,HOU,HOU2009,2009,26,2,1,0.667,7.62,11,3,3,0,0,1,26,29,26,22,6,9,0,3,1,0,1,117,1.462,9,2.89,106,29,8,1,6,1,1,0.274,0.333,0.538,0.871,9,57,1,1,0,1,0,0.307,119,115
186,5183,HOU,HOU2010,2010,28,3,1,0.75,3.5,15,4,4,0,0,2,36,38,14,14,0,11,4,0,1,1,0,150,1.361,7,2.55,135,38,8,1,0,0,3,0.281,0.336,0.356,0.691,11,48,4,1,1,2,4,0.349,90,76
274,5183,HOU,HOU2011,2011,22,0,3,0,7.46,14,3,3,0,0,0,25.1,34,24,21,5,19,4,2,2,0,2,131,2.092,7.82,1.16,108,34,9,1,5,4,0,0.315,0.423,0.556,0.979,19,60,2,2,1,1,4,0.354,154,146
220,5183,HOU,HOU2012,2012,26,0,4,0,9.18,24,4,4,0,0,0,33.1,56,40,34,10,14,2,2,0,0,4,169,2.1,7.02,1.86,152,56,11,2,10,9,0,0.368,0.422,0.664,1.086,14,101,3,0,2,0,2,0.397,181,148
454,5183,HOU,HOU2013,2013,12,2,0,1,3.5,9,2,2,0,0,1,18,20,8,7,2,11,0,1,1,0,0,85,1.722,6,1.09,70,20,1,0,2,6,0,0.286,0.386,0.386,0.771,11,27,3,1,2,1,0,0.316,98,100
364,5183,HOU,HOU2015,2015,18,2,0,1,4,9,2,2,0,0,0,18,16,8,8,2,6,0,0,0,0,0,74,1.222,9,3,66,16,5,0,2,0,1,0.242,0.301,0.409,0.71,6,27,0,0,1,1,0,0.298,108,67
277,5183,HOU,HOU2018,2018,22,1,1,0.5,2.45,9,2,2,0,0,0,18.1,14,5,5,2,6,0,1,2,0,1,73,1.091,10.8,3.67,65,14,4,1,2,0,1,0.215,0.301,0.4,0.701,6,26,2,2,0,0,0,0.293,119,73
366,5183,HOU,HOU2019,2019,18,2,0,1,4,11,2,2,0,0,2,18,20,10,8,0,6,0,1,0,0,2,80,1.444,9,3,73,20,5,0,0,1,0,0.274,0.329,0.342,0.672,6,25,1,0,1,0,0,0.364,102,56
385,5183,HOU,HOU2020,2020,17,2,0,1,6,9,2,2,0,0,1,18,24,14,12,3,9,0,0,1,1,1,86,1.833,8.5,1.89,76,24,3,1,3,0,0,0.316,0.395,0.5,0.895,9,38,3,1,0,0,0,0.375,146,121
302,5183,KCR,KCR2003,2003,20,2,1,0.667,7.62,13,3,3,0,0,1,26,33,24,22,4,16,0,1,0,0,0,122,1.885,6.92,1.25,106,33,10,0,4,0,0,0.311,0.402,0.519,0.921,16,55,4,0,0,0,0,0.354,131,116
336,5183,KCR,KCR2005,2005,19,0,3,0,9,11,3,3,0,0,0,24,32,25,24,2,23,4,1,3,0,2,128,2.292,7.13,0.83,96,32,7,1,2,2,1,0.333,0.472,0.49,0.961,23,47,2,3,5,1,4,0.395,136,136
308,5183,KCR,KCR2007,2007,20,2,1,0.667,3.72,13,3,3,0,0,1,29,28,13,12,3,12,4,0,1,1,2,124,1.379,6.21,1.67,110,28,4,1,3,1,0,0.255,0.333,0.391,0.724,12,43,4,1,1,0,4,0.287,86,80
257,5183,KCR,KCR2011,2011,23,1,2,0.333,8.28,11,3,3,0,0,0,25,36,26,23,6,15,3,1,0,0,1,123,2.04,8.28,1.53,104,36,12,1,6,2,0,0.346,0.421,0.654,1.075,15,68,4,0,2,2,3,0.39,179,167
429,5183,KCR,KCR2014,2014,14,1,1,0.5,2.65,7,2,2,0,0,1,17,17,9,5,3,4,0,1,2,0,0,73,1.235,7.41,3.5,66,17,2,1,3,1,0,0.258,0.315,0.455,0.77,4,30,2,2,0,1,0,0.28,122,81
259,5183,LAA,LAA2012,2012,23,3,0,1,5,12,3,3,0,0,1,27,33,15,15,7,5,0,2,0,0,1,116,1.407,7.67,4.6,108,33,8,1,7,1,0,0.306,0.333,0.593,0.926,5,64,3,0,2,1,0,0.329,155,109
441,5183,LAA,LAA2015,2015,13,2,0,1,2,8,2,2,0,0,1,18,22,4,4,1,4,2,0,0,0,1,78,1.444,6.5,3.25,73,22,4,0,1,1,0,0.301,0.338,0.397,0.735,4,29,1,0,1,0,2,0.356,108,75
296,5183,LAA,LAA2018,2018,21,1,1,0.5,2.12,7,2,2,0,0,0,17,15,4,4,0,6,0,0,3,0,0,73,1.235,11.12,3.5,63,15,4,1,0,0,0,0.238,0.333,0.333,0.667,6,21,0,3,1,0,0,0.357,84,68
171,5183,LAA,LAA2020,2020,30,2,1,0.667,4.08,13,3,3,0,0,2,28.2,25,13,13,3,6,2,0,1,0,2,116,1.081,9.42,5,106,25,4,1,3,3,0,0.236,0.278,0.377,0.656,6,40,2,1,1,2,2,0.293,76,61
17,5183,LAD,LAD1993,1993,37,3,3,0.5,5.65,20,6,5,1,1,0,51,69,35,32,6,19,3,2,1,2,1,231,1.725,6.53,1.95,206,69,14,5,6,6,4,0.335,0.39,0.539,0.929,19,111,4,1,3,2,3,0.382,170,117
8,5183,LAD,LAD1994,1994,51,5,2,0.714,3.21,21,7,7,0,0,2,61.2,59,26,22,3,21,2,5,0,1,4,264,1.297,7.44,2.43,238,59,13,6,3,5,2,0.248,0.307,0.391,0.697,21,93,3,0,3,2,2,0.301,90,65
96,5183,LAD,LAD1995,1995,49,5,1,0.833,7.3,29,6,6,0,0,3,53,70,47,43,18,22,3,2,2,0,2,249,1.736,8.32,2.23,222,70,11,3,18,5,2,0.315,0.381,0.635,1.016,22,141,3,2,2,1,3,0.333,193,119
95,5183,LAD,LAD1996,1996,50,3,4,0.429,7.84,26,7,6,1,1,0,59.2,86,62,52,14,30,2,5,1,3,1,292,1.944,7.54,1.67,256,86,16,1,14,14,1,0.336,0.405,0.57,0.975,30,146,4,1,3,2,2,0.371,184,109
127,5183,LAD,LAD1997,1997,39,5,1,0.833,5.83,22,6,6,0,0,2,54,68,40,35,7,20,0,5,1,0,3,248,1.63,6.5,1.95,224,68,10,3,7,7,2,0.304,0.362,0.469,0.831,20,105,5,1,2,1,0,0.341,136,86
118,5183,LAD,LAD1998,1998,40,3,3,0.5,4.92,21,6,5,1,1,1,53,57,30,29,5,17,1,1,2,1,0,228,1.396,6.79,2.35,204,57,9,0,5,1,4,0.279,0.338,0.397,0.735,17,81,4,2,3,2,1,0.323,110,71
119,5183,LAD,LAD1999,1999,40,3,4,0.429,8.05,25,7,7,0,0,3,57,87,52,51,13,21,1,4,2,2,1,271,1.895,6.32,1.9,246,87,18,2,13,3,4,0.354,0.407,0.602,1.009,21,148,5,2,1,1,1,0.381,165,111
136,5183,LAD,LAD2000,2000,36,4,3,0.571,5.1,22,7,7,0,0,3,60,77,43,34,5,19,0,6,1,0,2,273,1.6,5.4,1.89,248,77,15,1,5,5,2,0.31,0.359,0.44,0.799,19,109,8,1,3,2,0,0.344,116,77
102,5183,LAD,LAD2001,2001,46,5,4,0.556,6.31,35,9,9,0,0,2,77,102,59,54,10,31,1,2,8,0,5,359,1.727,5.38,1.48,308,102,26,2,10,11,3,0.331,0.404,0.526,0.93,31,162,9,8,9,2,1,0.362,153,106
93,5183,LAD,LAD2002,2002,52,5,5,0.5,4.98,39,10,9,1,0,1,85,98,48,47,10,31,1,5,2,0,5,370,1.518,5.51,1.68,335,98,13,3,10,10,4,0.293,0.355,0.439,0.794,31,147,10,2,1,1,1,0.321,126,86
58,5183,LAD,LAD2003,2003,67,4,5,0.444,5.45,40,9,9,0,0,2,76,87,51,46,12,36,4,9,0,0,3,340,1.618,7.93,1.86,301,87,20,3,12,6,5,0.289,0.364,0.495,0.859,36,149,11,0,2,1,4,0.336,159,101
54,5183,LAD,LAD2004,2004,68,5,5,0.5,6.11,40,10,10,0,0,3,84,105,59,57,16,48,3,2,2,0,4,397,1.821,7.29,1.42,333,105,21,4,16,3,4,0.315,0.402,0.547,0.948,48,182,1,2,11,3,3,0.353,159,114
104,5183,LAD,LAD2005,2005,45,3,7,0.3,7.09,40,10,10,0,0,2,86.1,115,74,68,14,32,2,5,6,0,1,405,1.703,4.69,1.41,359,115,23,4,14,5,1,0.32,0.383,0.524,0.906,32,188,7,6,5,3,2,0.333,139,119
92,5183,LAD,LAD2006,2006,53,7,2,0.778,5.13,33,9,9,0,0,5,79,90,47,45,9,20,1,3,3,1,3,342,1.392,6.04,2.65,318,90,20,2,9,4,2,0.283,0.331,0.443,0.775,20,141,8,3,1,0,1,0.316,106,90
76,5183,LAD,LAD2007,2007,57,2,7,0.222,6.27,38,9,9,0,0,1,74.2,93,54,52,14,36,3,4,4,0,2,347,1.728,6.87,1.58,301,93,18,1,14,6,3,0.309,0.389,0.515,0.904,36,155,9,4,5,1,3,0.342,148,123
81,5183,LAD,LAD2008,2008,56,5,4,0.556,5.29,33,9,9,0,0,0,78.1,93,49,46,7,31,3,3,4,0,1,355,1.583,6.43,1.81,313,93,21,2,7,10,1,0.297,0.364,0.444,0.808,31,139,6,4,3,4,3,0.339,134,106
67,5183,LAD,LAD2009,2009,60,7,2,0.778,4.59,36,9,9,0,0,3,80.1,74,41,41,9,47,2,2,1,1,5,348,1.506,6.72,1.28,295,74,14,3,9,2,7,0.251,0.355,0.41,0.765,47,121,7,1,4,1,2,0.286,127,93
50,5183,LAD,LAD2010,2010,71,6,3,0.667,5.08,38,9,9,0,0,6,78,77,49,44,12,35,5,3,6,0,3,350,1.436,8.19,2.03,304,77,8,10,12,5,0,0.253,0.338,0.464,0.802,35,141,3,6,1,4,5,0.289,130,100
60,5183,LAD,LAD2011,2011,65,3,6,0.333,5.99,41,9,9,0,0,1,79.2,87,54,53,13,36,10,3,1,0,4,356,1.544,7.34,1.81,310,87,20,1,13,9,2,0.281,0.355,0.477,0.833,36,148,5,1,7,2,10,0.316,143,109
75,5183,LAD,LAD2012,2012,58,3,6,0.333,6.93,36,9,9,0,0,2,75.1,99,64,58,12,27,2,1,2,0,4,346,1.673,6.93,2.15,310,99,18,5,12,5,1,0.319,0.375,0.526,0.901,27,163,6,2,5,2,2,0.36,166,107
62,5183,LAD,LAD2013,2013,64,5,4,0.556,5.76,39,9,8,1,1,4,79.2,93,55,51,12,31,3,3,1,1,5,355,1.556,7.23,2.06,310,93,18,2,12,6,3,0.3,0.361,0.487,0.848,31,151,7,1,9,4,3,0.34,151,116
52,5183,LAD,LAD2014,2014,70,6,4,0.6,4.63,41,10,9,1,0,1,83.2,97,49,43,9,23,2,5,3,1,3,363,1.434,7.53,3.04,335,97,12,7,9,6,4,0.29,0.34,0.448,0.788,23,150,10,3,1,1,2,0.342,133,86
91,5183,LAD,LAD2015,2015,54,4,5,0.444,6.72,37,9,8,1,0,1,72.1,101,58,54,11,24,5,3,1,2,1,335,1.728,6.72,2.25,302,101,16,2,11,4,1,0.334,0.382,0.51,0.892,24,154,8,1,5,3,5,0.375,166,111
56,5183,LAD,LAD2016,2016,68,4,5,0.444,6.99,45,9,9,0,0,4,76,97,62,59,12,33,2,3,3,0,5,351,1.711,8.05,2.06,309,97,14,4,12,5,1,0.314,0.384,0.502,0.886,33,155,8,3,5,1,2,0.37,163,109
27,5183,LAD,LAD2017,2017,89,5,5,0.5,4.34,48,10,10,0,0,2,85,95,48,41,13,24,2,7,2,2,2,367,1.4,9.42,3.71,337,95,14,5,13,3,3,0.282,0.332,0.469,0.801,24,158,9,2,3,1,2,0.347,138,93
32,5183,LAD,LAD2018,2018,84,6,4,0.6,4.74,47,10,10,0,0,5,87.1,86,48,46,13,25,2,6,5,0,2,368,1.271,8.66,3.36,334,86,16,5,13,4,1,0.257,0.317,0.452,0.769,25,151,8,5,2,2,2,0.305,129,88
42,5183,LAD,LAD2019,2019,74,7,3,0.7,5.48,46,10,10,0,0,2,87,102,59,53,12,32,2,6,2,0,5,389,1.54,7.66,2.31,349,102,20,9,12,1,1,0.292,0.351,0.504,0.855,32,176,8,2,1,5,2,0.336,157,93
180,5183,LAD,LAD2020,2020,29,3,1,0.75,4.11,20,4,4,0,0,0,35,31,16,16,2,1,0,1,0,0,0,134,0.914,7.46,29,132,31,3,1,2,1,2,0.235,0.239,0.318,0.557,1,42,3,0,0,1,0,0.284,77,37
292,5183,MIA,MIA2012,2012,21,2,2,0.5,4.76,13,4,3,1,0,2,34,41,18,18,2,13,2,1,0,0,2,152,1.588,5.56,1.62,133,41,5,2,2,2,1,0.308,0.367,0.421,0.788,13,56,4,0,5,1,2,0.351,118,84
154,5183,MIA,MIA2013,2013,32,3,1,0.75,1.8,15,4,4,0,0,3,35,28,8,7,2,9,1,1,0,0,1,137,1.057,8.23,3.56,125,28,4,1,2,3,2,0.224,0.274,0.32,0.594,9,40,3,0,2,1,1,0.283,69,53
318,5183,MIA,MIA2014,2014,20,1,2,0.333,5.28,14,3,3,0,0,0,29,41,17,17,6,9,1,0,1,0,1,131,1.724,6.21,2.22,118,41,7,2,6,1,2,0.347,0.398,0.593,0.992,9,70,4,1,3,0,1,0.38,175,132
294,5183,MIA,MIA2015,2015,21,2,1,0.667,4.33,12,3,3,0,0,2,27,34,14,13,4,7,0,0,2,0,0,119,1.519,7,3,108,34,2,2,4,2,0,0.315,0.361,0.481,0.843,7,52,5,2,0,2,0,0.353,134,99
235,5183,MIA,MIA2016,2016,25,2,1,0.667,7.62,16,3,3,0,0,2,26,37,22,22,3,12,1,0,1,0,2,123,1.885,8.65,2.08,109,37,4,2,3,0,0,0.339,0.41,0.495,0.905,12,54,5,1,1,0,1,0.42,150,115
383,5183,MIA,MIA2017,2017,17,1,2,0.333,8.64,14,3,3,0,0,1,25,35,25,24,4,19,4,1,0,0,0,121,2.16,6.12,0.89,98,35,7,1,4,1,1,0.357,0.458,0.571,1.029,19,56,6,0,3,1,4,0.397,165,150
201,5183,MIA,MIA2018,2018,27,2,1,0.667,6.23,15,3,3,0,0,1,26,25,18,18,4,8,1,0,0,0,2,110,1.269,9.35,3.38,98,25,7,0,4,1,0,0.255,0.306,0.449,0.755,8,44,2,0,2,2,1,0.304,98,85
299,5183,MIA,MIA2019,2019,21,0,3,0,7.11,12,3,3,0,0,0,25.1,28,21,20,10,14,1,2,1,0,1,116,1.658,7.46,1.5,99,28,4,0,10,3,1,0.283,0.371,0.626,0.997,14,62,2,1,0,2,1,0.257,157,122
158,5183,MIL,MIL1998,1998,31,3,3,0.5,5.65,21,6,6,0,0,2,51,54,36,32,8,22,0,6,2,0,0,226,1.49,5.47,1.41,200,54,12,3,8,3,1,0.27,0.348,0.48,0.828,22,96,7,2,2,0,0,0.286,109,90
227,5183,MIL,MIL1999,1999,25,1,5,0.167,11.01,25,6,6,0,0,1,50.2,83,62,62,19,27,2,1,6,0,3,258,2.171,4.44,0.93,220,83,16,1,19,3,5,0.377,0.453,0.718,1.171,27,158,4,6,2,3,2,0.358,185,144
387,5183,MIL,MIL2000,2000,16,2,1,0.667,3.54,12,3,3,0,0,1,28,29,12,11,3,14,2,4,0,0,1,120,1.536,5.14,1.14,103,29,5,0,3,1,3,0.282,0.364,0.417,0.782,14,43,7,0,2,1,2,0.306,101,74
390,5183,MIL,MIL2001,2001,16,0,3,0,8.39,13,3,3,0,0,0,24.2,43,30,23,3,13,4,2,1,0,1,126,2.27,5.84,1.23,111,43,11,5,3,7,1,0.387,0.456,0.658,1.114,13,73,3,1,1,0,4,0.435,180,145
447,5183,MIL,MIL2002,2002,12,0,3,0,7.88,11,3,3,0,0,0,24,35,21,21,6,10,1,1,1,0,0,114,1.875,4.5,1.2,99,35,7,1,6,1,0,0.354,0.418,0.626,1.044,10,62,2,1,3,0,1,0.358,160,141
332,5183,MIL,MIL2003,2003,19,0,3,0,9.38,12,3,3,0,0,0,24,33,26,25,4,20,3,0,2,0,2,126,2.208,7.13,0.95,100,33,12,3,4,2,0,0.33,0.437,0.63,1.067,20,63,1,2,0,4,3,0.358,162,149
306,5183,MIL,MIL2004,2004,20,3,0,1,5,12,3,3,0,0,3,27,33,16,15,2,8,0,1,0,0,1,119,1.519,6.67,2.5,109,33,7,0,2,0,1,0.303,0.347,0.422,0.769,8,46,2,0,1,1,0,0.352,110,75
243,5183,MIL,MIL2005,2005,24,2,1,0.667,4.85,11,3,3,0,0,2,26,34,15,14,2,4,0,1,1,0,1,116,1.462,8.31,6,109,34,4,0,2,1,0,0.312,0.342,0.404,0.746,4,44,1,1,2,0,0,0.386,105,82
413,5183,MIL,MIL2006,2006,15,1,2,0.333,4.32,8,3,2,1,0,1,25,26,12,12,3,5,0,0,3,0,0,104,1.24,5.4,3,93,26,5,1,3,0,2,0.28,0.337,0.452,0.788,5,42,1,3,3,0,0,0.307,104,94
395,5183,MIL,MIL2007,2007,16,0,3,0,11.63,14,3,3,0,0,0,24,50,36,31,8,14,3,2,0,0,0,134,2.667,6,1.14,118,50,11,1,8,1,0,0.424,0.481,0.737,1.218,14,87,3,0,1,1,3,0.442,219,198
375,5183,MIL,MIL2008,2008,17,1,2,0.333,5.04,12,3,3,0,0,1,25,26,15,14,4,12,1,1,0,0,0,111,1.52,6.12,1.42,99,26,6,1,4,1,0,0.263,0.342,0.465,0.807,12,46,2,0,0,0,1,0.282,120,104
217,5183,MIL,MIL2009,2009,26,0,3,0,8.89,14,3,3,0,0,0,26.1,37,26,26,5,16,2,1,2,0,3,132,2.013,8.89,1.62,113,37,10,1,5,2,1,0.327,0.417,0.566,0.983,16,64,2,2,0,1,2,0.386,147,145
101,5183,MIL,MIL2010,2010,48,2,4,0.333,3.66,21,6,6,0,0,0,51.2,43,26,21,7,16,1,2,2,0,2,214,1.142,8.36,3,190,43,14,0,7,3,2,0.226,0.289,0.411,0.7,16,78,2,2,3,3,1,0.261,82,74
161,5183,MIL,MIL2011,2011,31,2,2,0.5,5.56,18,4,4,0,0,2,34,47,26,21,2,13,0,3,0,1,1,161,1.765,8.21,2.38,146,47,15,1,2,3,0,0.322,0.377,0.479,0.857,13,70,2,0,2,0,0,0.398,148,115
401,5183,MIL,MIL2012,2012,16,0,3,0,8.88,13,3,3,0,0,0,24.1,41,24,24,3,7,0,0,1,0,0,115,1.973,5.92,2.29,103,41,9,0,3,3,2,0.398,0.438,0.573,1.01,7,59,3,1,3,1,0,0.447,173,134
428,5183,MIL,MIL2013,2013,14,1,2,0.333,5.76,11,3,3,0,0,1,25,29,19,16,6,4,0,2,1,0,1,109,1.32,5.04,3.5,103,29,4,1,6,0,1,0.282,0.315,0.515,0.829,4,53,1,1,1,0,0,0.277,129,109
363,5183,MIL,MIL2014,2014,18,3,0,1,6,14,3,3,0,0,2,27,40,19,18,5,6,1,1,0,0,0,125,1.704,6,3,119,40,7,2,5,8,1,0.336,0.368,0.555,0.923,6,66,0,0,0,0,1,0.365,161,116
347,5183,MIL,MIL2015,2015,19,1,2,0.333,6.12,11,3,3,0,0,0,25,33,20,17,2,6,0,0,0,0,0,110,1.56,6.84,3.17,101,33,6,3,2,6,3,0.327,0.361,0.505,0.866,6,51,2,0,2,1,0,0.383,129,104
264,5183,MIL,MIL2016,2016,23,2,1,0.667,3.21,15,3,3,0,0,2,28,35,11,10,2,4,1,1,1,0,3,119,1.393,7.39,5.75,112,35,6,1,2,0,3,0.313,0.342,0.438,0.779,4,49,1,1,2,0,1,0.379,106,84
295,5183,MIL,MIL2017,2017,21,2,1,0.667,4.85,15,3,3,0,0,2,26,28,15,14,4,16,1,1,2,0,2,118,1.692,7.27,1.31,98,28,5,1,4,2,2,0.286,0.393,0.48,0.873,16,47,6,2,1,1,1,0.324,137,112
131,5183,MIL,MIL2018,2018,39,3,1,0.75,4.75,20,4,4,0,0,2,36,36,19,19,7,13,0,1,0,0,0,155,1.361,9.75,3,141,36,5,4,7,1,0,0.255,0.316,0.496,0.813,13,70,2,0,0,1,0,0.302,130,97
166,5183,MIL,MIL2019,2019,31,0,3,0,4.97,20,3,3,0,0,0,29,29,18,16,7,14,1,2,0,0,2,128,1.483,9.62,2.21,112,29,3,1,7,6,0,0.259,0.341,0.491,0.832,14,55,3,0,2,0,1,0.297,122,88
452,5183,MIN,MIN2008,2008,12,1,2,0.333,3.24,12,3,3,0,0,1,25,23,11,9,2,8,1,2,1,0,0,105,1.24,4.32,1.5,90,23,5,1,2,3,1,0.256,0.32,0.4,0.72,8,36,3,1,5,1,1,0.273,92,83
317,5183,MIN,MIN2014,2014,20,2,1,0.667,4.85,14,3,3,0,0,0,26,37,14,14,3,1,0,0,3,0,2,113,1.462,6.92,20,106,37,6,1,3,2,2,0.349,0.369,0.509,0.879,1,54,2,3,2,1,0,0.405,131,107
27,5183,MON,MON1993,1993,35,4,2,0.667,5.02,18,6,6,0,0,1,52,64,36,29,4,9,0,6,1,0,1,225,1.404,6.06,3.89,211,64,9,2,4,9,0,0.303,0.332,0.422,0.754,9,89,6,1,2,2,0,0.345,117,77
12,5183,MON,MON1994,1994,20,0,3,0,5.96,12,3,3,0,0,0,25.2,35,22,17,3,6,0,2,2,0,0,120,1.597,7.01,3.33,107,35,4,3,3,5,0,0.327,0.364,0.505,0.869,6,54,3,2,2,3,0,0.368,153,104
226,5183,MON,MON1995,1995,25,0,4,0,8.16,15,4,4,0,0,0,32,49,33,29,12,9,1,1,1,0,1,153,1.813,7.03,2.78,140,49,2,3,12,1,1,0.35,0.391,0.664,1.055,9,93,2,1,2,1,1,0.356,185,127
105,5183,MON,MON1996,1996,44,4,2,0.667,5.02,23,6,6,0,0,1,57.1,69,35,32,12,20,3,4,3,0,3,258,1.552,6.91,2.2,227,69,15,1,12,4,3,0.304,0.361,0.537,0.898,20,122,7,3,3,5,3,0.324,155,92
146,5183,MON,MON1997,1997,33,3,3,0.5,6,23,6,5,1,1,2,51,62,39,34,9,24,0,6,4,1,4,234,1.686,5.82,1.38,200,62,12,0,9,10,3,0.31,0.391,0.505,0.896,24,101,10,4,4,2,0,0.331,149,101
406,5183,MON,MON1998,1998,15,0,3,0,8.25,11,3,3,0,0,0,24,32,24,22,4,11,0,1,2,1,0,114,1.792,5.63,1.36,96,32,3,0,4,3,2,0.333,0.405,0.49,0.895,11,47,2,2,3,2,0,0.354,142,107
152,5183,MON,MON1999,1999,32,2,4,0.333,9.06,23,6,6,0,0,2,51.2,78,61,52,17,26,2,4,0,0,3,260,2.013,5.57,1.23,228,78,8,1,17,4,2,0.342,0.405,0.61,1.014,26,139,1,0,3,3,2,0.335,164,112
463,5183,MON,MON2000,2000,9,0,3,0,15,14,3,3,0,0,0,24,55,43,40,9,15,0,2,1,2,1,138,2.917,3.38,0.6,117,55,6,3,9,1,1,0.47,0.522,0.803,1.325,15,94,5,1,2,3,0,0.451,227,188
281,5183,MON,MON2001,2001,21,2,1,0.667,9.35,13,3,3,0,0,0,26,37,27,27,8,11,1,0,2,0,3,126,1.846,7.27,1.91,110,37,7,3,8,6,1,0.336,0.403,0.673,1.076,11,74,1,2,2,1,1,0.354,172,133
354,5183,MON,MON2002,2002,18,1,2,0.333,9.36,13,3,3,0,0,0,25,34,27,26,5,9,1,0,1,0,3,116,1.72,6.48,2,104,34,4,3,5,4,1,0.327,0.379,0.567,0.947,9,59,2,1,0,2,1,0.349,150,119
331,5183,MON,MON2003,2003,19,2,2,0.5,3.34,18,4,4,0,0,2,35,35,13,13,2,21,4,2,2,1,1,155,1.6,4.89,0.9,129,35,3,0,2,1,1,0.271,0.379,0.341,0.72,21,44,6,2,2,1,4,0.303,97,74
334,5183,MON,MON2004,2004,19,2,1,0.667,3.12,10,3,2,1,0,1,26,24,10,9,4,5,1,1,2,0,0,108,1.115,6.58,3.8,99,24,7,0,4,0,0,0.242,0.29,0.434,0.724,5,43,1,2,1,1,1,0.26,86,62
26,5183,NYM,NYM1993,1993,17,2,4,0.333,4.68,15,6,6,0,0,1,50,44,28,26,6,13,1,2,3,0,0,202,1.14,3.06,1.31,177,44,8,3,6,5,4,0.249,0.305,0.429,0.734,13,76,3,3,5,4,1,0.241,100,71
4,5183,NYM,NYM1994,1994,16,1,2,0.333,5.76,6,3,2,1,0,0,25,39,18,16,1,6,2,1,2,0,1,116,1.8,5.76,2.67,104,39,6,1,1,0,1,0.375,0.412,0.481,0.893,6,50,5,2,2,2,2,0.427,139,112
142,5183,NYM,NYM1995,1995,34,1,4,0.2,6.13,21,5,5,0,0,0,47,55,33,32,7,19,3,2,2,1,4,213,1.574,6.51,1.79,188,55,12,3,7,4,1,0.293,0.36,0.5,0.86,19,94,2,2,2,2,3,0.322,135,88
133,5183,NYM,NYM1996,1996,37,1,5,0.167,7.64,20,6,6,0,0,1,50.2,88,45,43,11,23,7,2,4,1,5,262,2.191,6.57,1.61,230,88,14,2,11,6,2,0.383,0.447,0.604,1.052,23,139,5,4,5,0,7,0.423,180,126
279,5183,NYM,NYM1997,1997,21,1,4,0.2,6.15,17,5,5,0,0,0,41,55,32,28,7,20,1,2,0,0,5,191,1.829,4.61,1.05,169,55,8,2,7,2,3,0.325,0.395,0.521,0.915,20,88,5,0,1,1,1,0.338,148,105
455,5183,NYM,NYM1998,1998,11,2,1,0.667,6.92,10,3,3,0,0,2,26,43,21,20,3,9,0,0,0,1,3,123,2,3.81,1.22,111,43,13,0,3,1,1,0.387,0.433,0.586,1.019,9,65,5,0,3,0,0,0.412,179,134
145,5183,NYM,NYM1999,1999,34,3,3,0.5,7.06,22,6,6,0,0,2,51,68,40,40,10,21,4,0,1,0,2,239,1.745,6,1.62,215,68,13,5,10,7,0,0.316,0.377,0.563,0.939,21,121,2,1,0,2,4,0.335,149,97
409,5183,NYM,NYM2000,2000,15,2,1,0.667,9.35,10,3,3,0,0,0,26,34,29,27,6,13,1,3,3,0,1,126,1.808,5.19,1.15,107,34,9,4,6,2,1,0.318,0.397,0.645,1.042,13,69,4,3,0,3,1,0.315,182,126
254,5183,NYM,NYM2001,2001,23,1,3,0.25,9,15,4,4,0,0,0,33,59,35,33,6,7,2,4,2,0,3,167,2,6.27,3.29,156,59,12,1,6,8,1,0.378,0.41,0.583,0.993,7,91,2,2,1,1,2,0.414,170,118
240,5183,NYM,NYM2002,2002,24,2,1,0.667,4.5,14,3,3,0,0,2,26,30,16,13,3,8,0,2,3,0,1,119,1.462,8.31,3,107,30,4,0,3,3,1,0.28,0.345,0.402,0.746,8,43,1,3,0,1,0,0.333,105,76
371,5183,NYM,NYM2003,2003,17,1,2,0.333,6.84,12,3,3,0,0,1,25,37,21,19,2,12,2,1,1,0,3,121,1.96,6.12,1.42,105,37,6,1,2,1,1,0.352,0.417,0.486,0.902,12,51,3,1,1,2,2,0.398,132,114
333,5183,NYM,NYM2004,2004,19,2,1,0.667,3.46,13,3,3,0,0,0,26,30,11,10,1,12,2,1,2,0,2,120,1.615,6.58,1.58,106,30,5,0,1,0,0,0.283,0.367,0.358,0.725,12,38,2,2,0,0,2,0.337,98,67
412,5183,NYM,NYM2005,2005,15,1,2,0.333,2.88,7,3,3,0,0,0,25,28,12,8,1,11,0,2,0,0,1,111,1.56,5.4,1.36,96,28,8,0,1,1,1,0.292,0.361,0.406,0.767,11,39,3,0,3,1,0,0.333,117,87
338,5183,NYM,NYM2006,2006,19,2,1,0.667,5.54,10,3,3,0,0,0,26,35,16,16,1,7,0,0,0,0,1,115,1.615,6.58,2.71,106,35,5,2,1,2,0,0.33,0.368,0.443,0.812,7,47,4,0,1,1,0,0.391,123,100
424,5183,NYM,NYM2007,2007,14,0,3,0,12.38,13,3,3,0,0,0,24,47,34,33,7,20,3,1,0,1,3,139,2.792,5.25,0.7,115,47,5,0,7,3,0,0.409,0.489,0.635,1.124,20,73,1,0,2,2,3,0.417,204,178
129,5183,NYM,NYM2008,2008,39,3,3,0.5,3.4,24,6,6,0,0,1,55.2,45,22,21,8,28,0,3,1,0,2,233,1.311,6.31,1.39,196,45,6,0,8,3,3,0.23,0.327,0.383,0.71,28,75,6,1,7,1,0,0.247,95,81
311,5183,NYM,NYM2009,2009,20,1,2,0.333,5.4,10,3,3,0,0,0,25,28,16,15,6,13,1,1,0,0,1,114,1.64,7.2,1.54,100,28,4,1,6,2,0,0.28,0.363,0.52,0.883,13,52,1,0,1,0,1,0.297,131,119
218,5183,NYM,NYM2010,2010,26,1,2,0.333,5.88,14,3,3,0,0,0,26,27,17,17,3,13,0,1,3,1,1,119,1.538,9,2,101,27,8,0,3,1,1,0.267,0.368,0.436,0.803,13,44,2,3,2,0,0,0.333,122,103
399,5183,NYM,NYM2011,2011,16,2,1,0.667,3.46,12,3,3,0,0,1,26,20,10,10,6,9,0,0,0,0,0,104,1.115,5.54,1.78,94,20,2,0,6,0,1,0.213,0.282,0.426,0.707,9,40,2,0,1,0,0,0.194,89,76
291,5183,NYM,NYM2012,2012,21,2,1,0.667,8.04,16,3,3,0,0,2,28,34,28,25,7,12,0,2,1,0,0,132,1.643,6.75,1.75,117,34,2,3,7,4,1,0.291,0.362,0.538,0.9,12,63,0,1,1,0,0,0.303,149,106
260,5183,NYM,NYM2013,2013,23,1,3,0.25,7.01,22,4,4,0,0,1,34.2,50,30,27,4,15,0,2,2,0,5,165,1.875,5.97,1.53,144,50,7,2,4,5,3,0.347,0.409,0.507,0.915,15,73,4,2,1,3,0,0.383,158,134
198,5183,NYM,NYM2014,2014,27,1,3,0.25,7.02,16,4,4,0,0,0,33.1,44,29,26,6,8,1,3,2,0,1,151,1.56,7.29,3.38,135,44,6,1,6,0,0,0.326,0.36,0.519,0.879,8,70,2,2,1,5,1,0.355,150,106
248,5183,NYM,NYM2015,2015,24,3,0,1,6.33,12,3,3,0,0,0,27,31,19,19,6,7,0,1,1,1,1,117,1.407,8,3.43,104,31,7,2,6,2,1,0.298,0.345,0.577,0.922,7,60,1,1,4,1,0,0.333,170,114
404,5183,NYM,NYM2016,2016,16,0,3,0,6,13,3,3,0,0,0,24,30,16,16,2,7,1,0,1,0,1,108,1.542,6,2.29,99,30,8,3,2,0,1,0.303,0.355,0.505,0.86,7,50,1,1,1,0,1,0.346,142,101
266,5183,NYM,NYM2017,2017,23,1,2,0.333,5.33,16,3,3,0,0,0,25.1,35,15,15,4,9,2,0,1,0,0,116,1.737,8.17,2.56,104,35,9,0,4,0,0,0.337,0.395,0.538,0.933,9,56,3,1,2,0,2,0.403,135,125
155,5183,NYM,NYM2018,2018,32,1,3,0.25,6.55,16,4,4,0,0,0,33,42,28,24,8,15,0,2,2,0,0,153,1.727,8.73,2.13,135,42,9,0,8,2,1,0.311,0.386,0.556,0.941,15,75,4,2,0,1,0,0.354,163,131
250,5183,NYM,NYM2019,2019,24,2,1,0.667,4.85,13,3,3,0,0,0,26,30,14,14,5,6,0,0,0,0,0,111,1.385,8.31,4,104,30,2,0,5,5,1,0.288,0.324,0.452,0.776,6,47,2,0,0,1,0,0.329,110,76
446,5183,NYY,NYY2002,2002,12,2,1,0.667,8,13,3,3,0,0,1,27,41,29,24,6,14,0,2,0,0,2,132,2.037,4,0.86,115,41,6,1,6,0,0,0.357,0.42,0.583,1.002,14,67,4,0,1,2,0,0.354,184,133
341,5183,NYY,NYY2007,2007,19,0,3,0,4.88,12,3,3,0,0,0,24,28,13,13,4,9,0,0,2,0,0,107,1.542,7.13,2.11,94,28,2,1,4,4,1,0.298,0.368,0.468,0.836,9,44,2,2,1,1,0,0.333,121,107
427,5183,NYY,NYY2013,2013,14,2,1,0.667,1.73,12,3,3,0,0,2,26,16,5,5,2,6,0,0,2,0,1,98,0.846,4.85,2.33,89,16,2,0,2,3,0,0.18,0.245,0.27,0.515,6,24,3,2,0,1,0,0.189,42,33
416,5183,NYY,NYY2016,2016,15,0,2,0,10.69,9,2,2,0,0,0,16,28,19,19,4,8,1,0,1,0,1,82,2.25,8.44,1.88,70,28,6,2,4,3,1,0.4,0.463,0.714,1.177,8,50,2,1,2,1,1,0.462,218,174
419,5183,OAK,OAK1997,1997,14,0,2,0,6.61,8,2,2,0,0,0,16.1,23,14,12,2,6,1,1,0,0,0,78,1.776,7.71,2.33,68,23,8,0,2,1,0,0.338,0.382,0.544,0.926,6,37,1,0,2,2,1,0.389,117,106
327,5183,OAK,OAK1998,1998,19,1,2,0.333,9.36,12,3,3,0,0,1,25,40,29,26,7,7,1,1,0,0,0,119,1.88,6.84,2.71,109,40,7,3,7,1,1,0.367,0.398,0.679,1.077,7,74,3,0,1,2,1,0.388,170,143
430,5183,OAK,OAK2000,2000,13,1,2,0.333,12.15,15,3,3,0,0,1,26.2,48,38,36,7,11,1,5,0,0,3,140,2.213,4.39,1.18,125,48,7,1,7,2,1,0.384,0.428,0.624,1.052,11,78,2,0,2,2,1,0.383,171,130
271,5183,OAK,OAK2006,2006,22,1,2,0.333,4.33,10,3,3,0,0,0,27,28,15,13,2,12,2,0,2,0,0,119,1.481,7.33,1.83,100,28,6,0,2,0,2,0.28,0.365,0.4,0.765,12,40,1,2,4,1,2,0.338,103,90
247,5183,OAK,OAK2012,2012,24,3,0,1,5,11,3,3,0,0,2,27,29,15,15,6,13,2,0,2,0,0,118,1.556,8,1.85,100,29,3,1,6,1,1,0.29,0.383,0.52,0.903,13,52,4,2,3,0,2,0.329,163,108
322,5183,OAK,OAK2018,2018,20,0,3,0,3.75,10,3,3,0,0,0,24,28,10,10,4,7,2,0,0,0,1,105,1.458,7.5,2.86,96,28,10,1,4,0,0,0.292,0.34,0.542,0.881,7,52,1,0,2,0,2,0.333,151,114
349,5183,OAK,OAK2020,2020,19,1,1,0.5,2.12,6,2,2,0,0,1,17,17,4,4,1,3,0,0,0,0,1,69,1.176,10.06,6.33,65,17,2,0,1,0,1,0.262,0.29,0.338,0.628,3,22,0,0,0,1,0,0.348,82,56
20,5183,PHI,PHI1993,1993,30,5,1,0.833,4.08,18,6,4,2,1,2,53,58,29,24,3,17,0,6,2,0,5,230,1.415,5.09,1.76,209,58,8,5,3,6,1,0.278,0.338,0.407,0.744,17,85,8,2,2,0,0,0.313,113,75
13,5183,PHI,PHI1994,1994,23,3,0,1,5,10,3,3,0,0,2,27,31,19,15,7,11,0,5,1,0,2,126,1.556,7.67,2.09,108,31,4,1,7,4,1,0.287,0.352,0.537,0.889,11,58,1,1,4,2,0,0.3,145,107
206,5183,PHI,PHI1995,1995,26,1,3,0.25,6.55,13,4,4,0,0,1,33,40,25,24,5,18,0,3,2,0,1,157,1.758,7.09,1.44,132,40,4,3,5,2,0,0.303,0.39,0.492,0.882,18,65,3,2,3,2,0,0.34,142,94
143,5183,PHI,PHI1996,1996,34,2,4,0.333,5.4,21,6,6,0,0,2,50,65,38,30,9,16,2,4,5,0,1,233,1.62,6.12,2.12,208,65,11,3,9,8,1,0.313,0.374,0.524,0.898,16,109,5,5,3,1,2,0.337,137,93
182,5183,PHI,PHI1997,1997,28,3,2,0.6,5.02,18,5,5,0,0,1,43,43,28,24,5,23,1,4,2,1,6,193,1.535,5.86,1.22,167,43,12,1,5,6,1,0.257,0.354,0.431,0.785,23,72,3,2,1,0,1,0.284,102,77
368,5183,PHI,PHI1998,1998,17,2,1,0.667,5.19,12,3,3,0,0,1,26,35,16,15,2,5,2,2,0,0,3,116,1.538,5.88,3.4,110,35,12,0,2,1,0,0.318,0.345,0.482,0.827,5,53,2,0,0,1,2,0.359,116,90
192,5183,PHI,PHI1999,1999,27,3,3,0.5,5.29,19,6,5,1,0,1,51,68,32,30,5,14,2,2,1,0,4,229,1.608,4.76,1.93,211,68,17,2,5,0,4,0.322,0.362,0.493,0.855,14,104,5,1,0,3,2,0.346,115,80
328,5183,PHI,PHI2000,2000,19,1,2,0.333,8.06,9,3,3,0,0,0,25.2,44,24,23,5,8,0,2,2,1,1,130,2.026,6.66,2.38,117,44,7,0,5,1,2,0.376,0.422,0.564,0.986,8,66,0,2,2,1,0,0.415,149,117
389,5183,PHI,PHI2001,2001,16,2,1,0.667,3.86,9,3,2,1,0,1,23.1,25,10,10,4,8,0,0,0,0,1,98,1.414,6.17,2,90,25,6,1,4,0,1,0.278,0.337,0.5,0.837,8,45,4,0,0,0,0,0.3,120,83
282,5183,PHI,PHI2002,2002,21,0,3,0,6,9,3,3,0,0,0,24,28,16,16,2,18,2,2,2,0,3,116,1.917,7.88,1.17,95,28,5,1,2,3,3,0.295,0.417,0.432,0.849,18,41,4,2,1,0,2,0.361,135,102
448,5183,PHI,PHI2003,2003,12,1,2,0.333,2.88,7,3,2,1,0,0,25,23,11,8,3,9,0,2,1,0,3,106,1.28,4.32,1.33,94,23,5,0,3,1,0,0.245,0.317,0.394,0.711,9,37,4,1,2,0,0,0.253,95,68
305,5183,PHI,PHI2004,2004,20,2,2,0.5,5.82,14,4,4,0,0,1,34,42,23,22,8,20,3,1,1,0,2,161,1.824,5.29,1,135,42,7,1,8,0,0,0.311,0.404,0.556,0.959,20,75,5,1,5,0,3,0.318,147,116
153,5183,PHI,PHI2005,2005,32,3,1,0.75,5.66,18,4,4,0,0,3,35,37,24,22,5,8,0,1,2,0,0,146,1.286,8.23,4,132,37,9,0,5,0,1,0.28,0.324,0.462,0.786,8,61,5,2,1,3,0,0.327,110,89
456,5183,PHI,PHI2006,2006,11,2,1,0.667,5.88,11,3,3,0,0,2,26,35,18,17,1,8,1,0,1,0,0,118,1.654,3.81,1.38,105,35,6,3,1,1,1,0.333,0.386,0.476,0.862,8,50,2,1,4,0,1,0.366,117,113
450,5183,PHI,PHI2007,2007,12,1,2,0.333,5.53,13,3,3,0,0,1,27.2,40,17,17,5,9,0,1,0,0,1,128,1.771,3.9,1.33,116,40,8,1,5,1,2,0.345,0.389,0.56,0.949,9,65,2,0,2,1,0,0.35,137,133
451,5183,PHI,PHI2008,2008,12,2,0,1,5.5,8,2,2,0,0,1,18,21,11,11,4,7,0,3,0,0,0,80,1.556,6,1.71,71,21,6,1,4,3,2,0.296,0.359,0.577,0.936,7,41,3,0,2,0,0,0.309,150,134
310,5183,PHI,PHI2009,2009,20,2,1,0.667,6.58,13,3,3,0,0,1,26,27,19,19,5,8,0,0,2,0,1,114,1.346,6.92,2.5,101,27,7,1,5,1,1,0.267,0.33,0.505,0.835,8,51,0,2,2,1,0,0.286,119,107
426,5183,PHI,PHI2010,2010,14,2,1,0.667,5.33,16,3,3,0,0,1,27,44,20,16,4,12,0,4,1,1,1,136,2.074,4.67,1.17,117,44,6,2,4,0,2,0.376,0.432,0.564,0.996,12,66,3,1,4,2,0,0.396,178,149
273,5183,PHI,PHI2011,2011,22,3,0,1,2.57,9,3,3,0,0,2,28,22,9,8,3,6,0,1,0,0,1,108,1,7.07,3.67,98,22,2,1,3,4,2,0.224,0.267,0.357,0.624,6,35,2,0,3,1,0,0.257,89,56
360,5183,PHI,PHI2012,2012,18,2,1,0.667,3.81,9,3,3,0,0,1,26,27,12,11,1,7,1,2,1,0,0,112,1.308,6.23,2.57,100,27,7,2,1,1,1,0.27,0.321,0.41,0.731,7,41,2,1,2,1,1,0.317,106,70
439,5183,PHI,PHI2013,2013,13,1,2,0.333,7.56,15,3,3,0,0,1,25,40,22,21,5,10,1,1,0,0,2,122,2,4.68,1.3,111,40,7,1,5,3,0,0.36,0.413,0.577,0.99,10,64,3,0,1,0,1,0.376,164,151
380,5183,PHI,PHI2014,2014,17,1,2,0.333,8.64,13,3,3,0,0,1,25,39,24,24,4,7,2,0,2,0,0,121,1.84,6.12,2.43,110,39,8,1,4,2,1,0.355,0.4,0.555,0.955,7,61,0,2,1,1,2,0.389,168,125
234,5183,PHI,PHI2015,2015,25,2,2,0.5,3.71,14,4,4,0,0,2,34,35,18,14,2,11,1,4,2,0,0,147,1.353,6.62,2.27,133,35,5,2,2,3,0,0.263,0.329,0.376,0.705,11,50,4,2,1,0,1,0.311,81,68
221,5183,PHI,PHI2016,2016,26,2,2,0.5,6.62,14,4,4,0,0,1,34,46,25,25,5,9,0,0,1,0,1,154,1.618,6.88,2.89,143,46,12,3,5,2,0,0.322,0.366,0.552,0.918,9,79,4,1,1,0,0,0.366,136,114
267,5183,PHI,PHI2017,2017,23,1,2,0.333,5.04,10,3,3,0,0,1,25,25,14,14,2,14,1,0,2,0,0,114,1.56,8.28,1.64,95,25,8,0,2,2,0,0.263,0.363,0.411,0.773,14,39,2,2,1,2,1,0.319,101,89
202,5183,PHI,PHI2018,2018,27,0,4,0,10.69,20,4,4,0,0,0,32,52,39,38,9,17,1,2,1,1,2,165,2.156,7.59,1.59,144,52,12,3,9,0,0,0.361,0.429,0.674,1.103,17,97,3,1,2,1,1,0.394,201,168
111,5183,PHI,PHI2019,2019,44,1,3,0.25,4.42,18,4,4,0,0,1,36.2,43,19,18,6,15,1,2,2,0,1,164,1.582,10.8,2.93,144,43,7,2,6,2,4,0.299,0.368,0.5,0.868,15,72,3,2,1,2,1,0.385,121,97
19,5183,PIT,PIT1993,1993,22,2,4,0.333,6.04,20,6,5,1,0,1,50.2,61,36,34,5,18,2,1,2,0,1,227,1.559,3.91,1.22,201,61,14,3,5,9,2,0.303,0.363,0.478,0.841,18,96,3,2,4,2,2,0.318,117,97
5,5183,PIT,PIT1994,1994,13,2,1,0.667,3.81,11,3,3,0,0,2,26,29,12,11,4,5,1,2,1,0,0,108,1.308,4.5,2.6,101,29,6,1,4,1,0,0.287,0.324,0.485,0.809,5,49,5,1,0,1,1,0.294,103,89
205,5183,PIT,PIT1995,1995,26,1,5,0.167,6.39,23,6,6,0,0,0,49.1,66,36,35,11,23,3,0,1,0,1,225,1.804,4.74,1.13,195,66,11,1,11,6,5,0.338,0.409,0.574,0.983,23,112,7,1,5,1,3,0.346,151,115
117,5183,PIT,PIT1996,1996,40,1,5,0.167,9.37,20,6,6,0,0,1,49,77,53,51,12,16,1,2,3,0,3,236,1.898,7.35,2.5,212,77,15,5,12,16,2,0.363,0.407,0.651,1.058,16,138,2,3,0,5,1,0.394,167,125
183,5183,PIT,PIT1997,1997,28,2,3,0.4,6.8,18,5,5,0,0,1,42.1,60,32,32,8,21,3,1,2,0,0,200,1.913,5.95,1.33,174,60,8,2,8,3,3,0.345,0.421,0.552,0.973,21,96,6,2,3,0,3,0.377,156,118
268,5183,PIT,PIT1998,1998,22,1,2,0.333,5.16,11,3,2,1,0,0,29.2,36,21,17,5,6,1,2,0,0,1,128,1.416,6.67,3.67,115,36,11,1,5,0,0,0.313,0.336,0.557,0.893,6,64,2,0,3,4,1,0.337,143,102
407,5183,PIT,PIT1999,1999,15,3,0,1,7.71,15,3,3,0,0,3,28,46,24,24,8,13,1,0,0,0,1,140,2.107,4.82,1.15,126,46,12,1,8,1,0,0.365,0.421,0.667,1.088,13,84,1,0,0,1,1,0.365,182,126
193,5183,PIT,PIT2000,2000,27,2,4,0.333,5.51,23,6,6,0,0,2,50.2,67,36,31,7,22,4,6,0,0,2,234,1.757,4.8,1.23,206,67,10,3,7,7,1,0.325,0.387,0.505,0.892,22,104,6,0,4,2,4,0.345,124,96
269,5183,PIT,PIT2001,2001,22,2,1,0.667,5.88,11,3,3,0,0,1,26,35,19,17,4,8,0,3,3,0,1,121,1.654,7.62,2.75,109,35,6,2,4,2,0,0.321,0.38,0.523,0.903,8,57,5,3,0,1,0,0.369,131,99
458,5183,PIT,PIT2002,2002,10,0,3,0,7.88,8,3,3,0,0,0,24,33,23,21,4,7,0,1,4,2,0,113,1.667,3.75,1.43,98,33,6,1,4,0,1,0.337,0.393,0.541,0.934,7,53,2,4,1,3,0,0.333,143,117
303,5183,PIT,PIT2003,2003,20,2,1,0.667,5.54,12,3,3,0,0,1,26,33,20,16,6,10,2,2,0,0,2,118,1.654,6.92,2,106,33,6,1,6,1,1,0.311,0.364,0.557,0.921,10,59,4,0,0,2,2,0.329,138,114
304,5183,PIT,PIT2004,2004,20,2,1,0.667,5.59,12,3,2,1,0,0,29,35,19,18,5,14,2,1,2,0,0,133,1.69,6.21,1.43,110,35,9,2,5,0,1,0.318,0.392,0.573,0.965,14,63,4,2,3,4,2,0.337,152,117
437,5183,PIT,PIT2005,2005,13,2,1,0.667,4.28,11,3,3,0,0,0,27.1,26,13,13,3,11,1,0,1,0,0,116,1.354,4.28,1.18,104,26,4,1,3,1,0,0.25,0.328,0.394,0.722,11,41,3,1,0,0,1,0.261,88,76
244,5183,PIT,PIT2006,2006,24,1,2,0.333,8.28,13,3,3,0,0,1,25,35,23,23,2,14,1,1,2,0,1,124,1.96,8.64,1.71,99,35,6,3,2,0,1,0.354,0.421,0.535,0.957,14,53,2,2,3,6,1,0.418,142,135
160,5183,PIT,PIT2007,2007,31,3,1,0.75,2.92,15,4,4,0,0,1,37,35,14,12,5,16,1,2,2,0,3,161,1.378,7.54,1.94,142,35,5,0,5,1,1,0.246,0.331,0.387,0.719,16,55,4,2,1,0,1,0.283,81,79
195,5183,PIT,PIT2008,2008,27,0,4,0,7.59,14,4,4,0,0,0,32,44,28,27,6,8,1,0,2,0,1,149,1.625,7.59,3.38,134,44,18,3,6,3,0,0.328,0.37,0.642,1.012,8,86,1,2,3,2,1,0.369,144,152
121,5183,PIT,PIT2009,2009,40,1,5,0.167,7.48,24,6,6,0,0,0,49.1,68,42,41,11,14,2,1,0,0,2,224,1.662,7.3,2.86,202,68,20,3,11,3,3,0.337,0.374,0.629,1.003,14,127,1,0,5,3,2,0.37,150,147
376,5183,PIT,PIT2010,2010,17,2,1,0.667,4.15,14,3,3,0,0,1,26,31,13,12,5,9,1,0,0,1,1,114,1.538,5.88,1.89,103,31,6,0,5,2,0,0.301,0.354,0.505,0.859,9,52,1,0,1,1,1,0.317,114,114
377,5183,PIT,PIT2011,2011,17,2,1,0.667,2.77,11,3,3,0,0,1,26,21,8,8,1,11,0,0,0,0,1,107,1.231,5.88,1.55,94,21,4,0,1,0,0,0.223,0.305,0.298,0.603,11,28,3,0,2,0,0,0.263,63,54
361,5183,PIT,PIT2012,2012,18,2,1,0.667,4.05,13,3,3,0,0,2,26.2,29,13,12,2,15,1,1,0,0,1,122,1.65,6.08,1.2,106,29,4,1,2,2,0,0.274,0.361,0.387,0.747,15,41,2,0,0,1,1,0.31,114,76
402,5183,PIT,PIT2013,2013,16,0,3,0,6.38,10,3,3,0,0,0,24,32,19,17,1,13,2,2,1,1,0,119,1.875,6,1.23,103,32,7,0,1,6,0,0.311,0.39,0.408,0.798,13,42,1,1,1,1,2,0.356,146,106
346,5183,PIT,PIT2014,2014,19,1,2,0.333,6.84,10,3,3,0,0,1,25,34,21,19,6,9,3,1,0,0,2,116,1.72,6.84,2.11,106,34,9,1,6,1,1,0.321,0.374,0.594,0.968,9,63,3,0,1,0,3,0.346,178,125
141,5183,PIT,PIT2015,2015,35,4,0,1,3.75,21,4,4,0,0,2,36,37,17,15,4,10,2,3,1,0,1,153,1.306,8.75,3.5,142,37,5,1,4,6,1,0.261,0.314,0.394,0.708,10,56,4,1,0,0,2,0.32,110,68
189,5183,PIT,PIT2016,2016,28,3,1,0.75,5.21,16,4,4,0,0,2,38,49,24,22,6,18,0,1,0,0,2,176,1.763,6.63,1.56,153,49,9,3,6,2,0,0.32,0.392,0.536,0.928,18,82,4,0,5,0,0,0.361,140,118
320,5183,PIT,PIT2017,2017,20,1,2,0.333,9,9,3,3,0,0,0,25,37,25,25,6,8,1,0,1,1,3,116,1.8,7.2,2.5,105,37,9,1,6,0,0,0.352,0.4,0.629,1.029,8,66,4,1,1,1,1,0.388,167,146
442,5183,PIT,PIT2018,2018,13,2,1,0.667,2.08,8,3,2,1,0,1,26,24,7,6,1,4,0,1,2,0,0,105,1.077,4.5,3.25,97,24,5,0,1,0,1,0.247,0.288,0.33,0.618,4,32,2,2,1,1,0,0.274,71,54
132,5183,PIT,PIT2019,2019,38,4,0,1,4.5,17,4,4,0,0,1,36,36,18,18,6,7,0,1,2,0,1,151,1.194,9.5,5.43,139,36,7,2,6,1,0,0.259,0.3,0.468,0.768,7,65,3,2,1,2,0,0.309,87,72
16,5183,SDP,SDP1993,1993,37,2,4,0.333,8.1,20,6,5,1,0,1,50,72,54,45,8,29,4,8,3,0,4,251,2.02,6.66,1.28,211,72,13,3,8,7,5,0.341,0.421,0.545,0.966,29,115,3,3,4,4,4,0.376,161,126
1,5183,SDP,SDP1994,1994,26,2,2,0.5,7,15,4,4,0,0,1,36,50,29,28,6,17,0,1,0,0,2,167,1.861,6.5,1.53,145,50,8,1,6,7,2,0.345,0.414,0.538,0.952,17,78,6,0,5,0,0,0.389,166,124
113,5183,SDP,SDP1995,1995,43,1,5,0.167,9.29,23,6,6,0,0,0,51.1,78,55,53,12,28,2,2,4,0,1,256,2.065,7.54,1.54,220,78,12,2,12,8,5,0.355,0.437,0.591,1.027,28,130,6,4,4,0,2,0.4,182,125
124,5183,SDP,SDP1996,1996,39,2,5,0.286,9.35,27,7,7,0,0,0,59.2,88,63,62,14,24,1,4,8,0,2,295,1.877,5.88,1.62,261,88,16,1,14,9,3,0.337,0.408,0.567,0.975,24,148,3,8,1,1,1,0.354,182,109
106,5183,SDP,SDP1997,1997,44,4,2,0.667,5.84,23,6,6,0,0,3,57,76,43,37,6,26,1,3,2,0,4,264,1.789,6.95,1.69,231,76,15,1,6,10,4,0.329,0.398,0.481,0.879,26,111,6,2,3,2,1,0.383,124,98
151,5183,SDP,SDP1998,1998,32,3,3,0.5,6,21,6,5,1,0,2,51,71,43,34,11,24,2,4,4,0,4,250,1.863,5.65,1.33,216,71,11,1,11,1,0,0.329,0.404,0.542,0.946,24,117,3,4,5,1,2,0.345,169,117
191,5183,SDP,SDP1999,1999,27,3,3,0.5,5.26,20,6,5,1,1,1,53,66,34,31,12,19,2,5,3,0,3,241,1.604,4.58,1.42,217,66,10,2,12,1,3,0.304,0.368,0.535,0.903,19,116,7,3,2,0,2,0.303,136,89
228,5183,SDP,SDP2000,2000,25,4,2,0.667,5.43,24,6,6,0,0,2,53,64,40,32,7,26,3,6,0,0,3,250,1.698,4.25,0.96,216,64,17,0,7,2,1,0.296,0.364,0.472,0.837,26,102,3,0,3,5,3,0.302,121,84
99,5183,SDP,SDP2001,2001,48,7,3,0.7,6.93,40,10,10,0,0,4,87,123,72,67,20,26,3,4,5,1,4,408,1.713,4.97,1.85,369,123,22,7,20,7,2,0.333,0.38,0.593,0.974,26,219,3,5,3,5,3,0.337,147,112
84,5183,SDP,SDP2002,2002,55,2,7,0.222,5.47,37,9,9,0,0,1,74,91,57,45,7,45,6,5,5,0,7,351,1.838,6.69,1.22,294,91,21,3,7,3,6,0.31,0.405,0.473,0.878,45,139,9,5,3,4,6,0.356,124,107
85,5183,SDP,SDP2003,2003,55,3,7,0.3,7.21,40,10,10,0,0,2,82.1,109,67,66,15,32,1,2,3,0,2,382,1.713,6.01,1.72,339,109,27,5,15,1,0,0.322,0.379,0.563,0.942,32,191,9,3,2,6,1,0.342,140,119
79,5183,SDP,SDP2004,2004,56,6,3,0.667,6.49,36,9,9,0,0,2,79,102,63,57,11,31,0,9,2,0,4,367,1.684,6.38,1.81,322,102,30,1,11,0,1,0.317,0.375,0.519,0.894,31,167,8,2,7,5,0,0.35,138,101
80,5183,SDP,SDP2005,2005,56,5,4,0.556,6.37,36,9,9,0,0,3,77.2,111,59,55,13,28,3,4,1,1,5,370,1.79,6.49,2,336,111,22,4,13,6,1,0.33,0.381,0.536,0.917,28,180,4,1,3,2,3,0.364,150,121
100,5183,SDP,SDP2006,2006,48,4,6,0.4,4.6,41,10,10,0,0,3,88,100,47,45,7,36,2,4,3,1,4,388,1.545,4.91,1.33,338,100,15,0,7,14,1,0.296,0.364,0.402,0.766,36,136,13,3,6,5,2,0.323,116,90
53,5183,SDP,SDP2007,2007,69,4,6,0.4,5.09,41,10,10,0,0,2,88.1,91,52,50,9,31,5,3,4,1,1,380,1.381,7.03,2.23,335,91,23,4,9,7,0,0.272,0.335,0.445,0.78,31,149,10,4,4,6,5,0.312,127,92
77,5183,SDP,SDP2008,2008,57,4,5,0.444,6.16,38,9,9,0,0,1,76,87,52,52,12,40,2,0,1,0,1,341,1.671,6.75,1.42,294,87,18,3,12,8,3,0.296,0.381,0.5,0.881,40,147,11,1,5,1,2,0.332,137,123
86,5183,SDP,SDP2009,2009,55,4,5,0.444,5.17,40,9,9,0,0,4,76.2,90,53,44,8,45,4,6,4,1,5,360,1.761,6.46,1.22,301,90,16,3,8,14,4,0.299,0.392,0.452,0.843,45,136,8,4,5,5,4,0.337,129,112
49,5183,SDP,SDP2010,2010,71,4,5,0.444,6,39,9,9,0,0,4,81,99,55,54,14,28,4,2,1,1,0,358,1.568,7.89,2.54,325,99,17,2,14,2,2,0.305,0.361,0.498,0.859,28,162,10,1,3,1,4,0.353,153,114
82,5183,SDP,SDP2011,2011,56,6,3,0.667,3.92,36,9,9,0,0,4,78,74,37,34,6,27,2,4,2,1,0,330,1.295,6.46,2.07,297,74,11,2,6,15,2,0.249,0.315,0.36,0.675,27,107,6,2,3,1,2,0.288,96,71
44,5183,SDP,SDP2012,2012,72,4,5,0.444,5.21,37,9,9,0,0,2,76,81,52,44,14,29,3,5,2,0,3,333,1.447,8.53,2.48,295,81,21,3,14,4,5,0.275,0.343,0.508,0.851,29,150,6,2,6,1,3,0.319,135,95
98,5183,SDP,SDP2013,2013,49,3,7,0.3,6.47,39,10,10,0,0,3,87.2,117,68,63,9,26,2,4,1,0,6,402,1.631,5.03,1.88,363,117,25,11,9,7,1,0.322,0.367,0.526,0.894,26,191,4,1,10,2,2,0.352,145,126
39,5183,SDP,SDP2014,2014,75,2,7,0.222,4.33,39,9,9,0,0,1,79,95,41,38,17,17,2,3,5,0,2,338,1.418,8.54,4.41,307,95,12,1,17,10,5,0.309,0.355,0.521,0.876,17,160,10,5,8,1,2,0.361,161,105
33,5183,SDP,SDP2015,2015,83,5,5,0.5,4.64,44,10,10,0,0,2,85.1,94,52,44,8,33,2,3,0,0,8,371,1.488,8.75,2.52,331,94,18,6,8,8,4,0.284,0.345,0.447,0.792,33,148,8,0,3,4,2,0.352,115,87
45,5183,SDP,SDP2016,2016,72,3,6,0.333,5.59,35,9,9,0,0,1,75.2,85,49,47,15,33,2,3,1,0,2,342,1.559,8.56,2.18,307,85,19,3,15,5,2,0.277,0.348,0.505,0.853,33,155,6,1,0,1,2,0.317,125,99
88,5183,SDP,SDP2017,2017,55,3,6,0.333,7.56,42,9,9,0,0,1,75,93,67,63,17,37,2,3,2,0,3,345,1.733,6.6,1.49,300,93,15,4,17,2,0,0.31,0.384,0.557,0.94,37,167,11,2,1,5,2,0.326,142,126
35,5183,SDP,SDP2018,2018,81,4,5,0.444,4.34,39,9,9,0,0,3,76.2,72,45,37,10,25,1,5,1,0,1,321,1.265,9.51,3.24,286,72,7,6,10,9,1,0.252,0.309,0.423,0.732,25,121,11,1,4,5,1,0.31,97,80
28,5183,SDP,SDP2019,2019,88,3,7,0.3,10.67,52,10,10,0,0,2,86,143,104,102,22,37,6,1,6,1,10,440,2.093,9.21,2.38,386,143,34,4,22,3,2,0.37,0.428,0.65,1.078,37,251,2,6,5,6,6,0.429,187,143
66,5183,SDP,SDP2020,2020,61,4,3,0.571,3.88,33,7,7,0,0,1,60.1,72,32,26,8,17,0,0,0,1,2,261,1.475,9.1,3.59,243,72,5,1,8,1,1,0.296,0.341,0.424,0.765,17,103,5,0,0,1,0,0.366,122,89
418,5183,SEA,SEA1997,1997,14,0,2,0,7.16,6,2,2,0,0,0,16.1,23,15,13,5,3,0,0,1,0,2,75,1.592,7.71,4.67,71,23,2,1,5,2,0,0.324,0.36,0.592,0.952,3,42,2,1,0,0,0,0.346,142,109
460,5183,SEA,SEA1999,1999,9,2,1,0.667,6.23,9,3,3,0,0,2,26,31,23,18,8,10,0,3,0,0,1,116,1.577,3.12,0.9,104,31,3,0,8,2,1,0.298,0.357,0.558,0.914,10,58,5,0,1,1,0,0.261,120,91
432,5183,SEA,SEA2001,2001,13,2,1,0.667,5.19,9,3,3,0,0,1,26,29,18,15,3,9,1,3,2,0,0,118,1.462,4.5,1.44,102,29,6,0,3,2,0,0.284,0.351,0.431,0.782,9,44,2,2,4,1,1,0.299,131,74
438,5183,SEA,SEA2009,2009,13,0,3,0,5.25,9,3,3,0,0,0,24,30,18,14,1,15,1,1,2,0,1,119,1.875,4.88,0.87,95,30,8,0,1,2,1,0.316,0.409,0.432,0.84,15,41,2,2,4,3,1,0.345,139,113
258,5183,SEA,SEA2012,2012,23,3,0,1,2.33,9,3,2,1,1,0,27,19,7,7,3,4,0,0,2,0,2,104,0.852,7.67,5.75,98,19,4,0,3,3,0,0.194,0.24,0.327,0.567,4,32,1,2,0,0,0,0.222,61,31
177,5183,SEA,SEA2015,2015,29,2,1,0.667,5.65,16,3,3,0,0,1,28.2,36,18,18,5,9,1,0,1,0,0,128,1.57,9.1,3.22,118,36,8,0,5,4,1,0.305,0.359,0.5,0.859,9,59,2,1,0,0,1,0.369,133,102
465,5183,SEA,SEA2017,2017,8,2,0,1,4.5,12,2,2,0,0,1,18,14,9,9,2,8,0,0,0,0,3,72,1.222,4,1,64,14,4,1,2,0,1,0.219,0.306,0.406,0.712,8,26,3,0,0,0,0,0.222,90,72
365,5183,SEA,SEA2018,2018,18,0,3,0,6.38,13,3,3,0,0,0,24,33,18,17,4,7,1,0,1,0,1,108,1.667,6.75,2.57,98,33,7,2,4,3,1,0.337,0.383,0.571,0.955,7,56,4,1,1,1,1,0.377,161,133
21,5183,SFG,SFG1993,1993,39,6,1,0.857,3.92,20,7,7,0,0,3,62,56,32,27,7,13,0,6,4,2,2,249,1.113,5.66,3,230,56,7,5,7,1,5,0.243,0.294,0.409,0.703,13,94,7,4,1,1,0,0.265,100,64
2,5183,SFG,SFG1994,1994,11,2,1,0.667,3.12,7,3,3,0,0,0,26,21,10,9,2,8,0,0,2,0,1,105,1.115,3.81,1.38,93,21,6,2,2,4,0,0.226,0.295,0.398,0.693,8,37,3,2,0,2,0,0.232,85,63
135,5183,SFG,SFG1995,1995,36,2,5,0.286,8.84,29,7,7,0,0,1,58,89,58,57,15,28,5,2,4,0,1,285,2.017,5.59,1.29,248,89,23,3,15,2,5,0.359,0.426,0.657,1.083,28,163,4,4,1,4,5,0.368,173,135
149,5183,SFG,SFG1996,1996,32,2,4,0.333,6.3,20,6,6,0,0,1,50,62,36,35,6,13,1,2,3,1,3,219,1.5,5.76,2.46,197,62,18,3,6,5,5,0.315,0.363,0.528,0.891,13,104,5,3,4,2,1,0.348,125,91
174,5183,SFG,SFG1997,1997,29,3,3,0.5,5.65,24,6,6,0,0,1,51,57,33,32,9,22,2,3,2,0,3,228,1.549,5.12,1.32,199,57,6,3,9,3,4,0.286,0.358,0.482,0.841,22,96,5,2,2,3,2,0.293,122,87
210,5183,SFG,SFG1998,1998,26,2,4,0.333,6.66,25,6,6,0,0,1,50,67,40,37,9,12,0,3,3,0,0,226,1.58,4.68,2.17,205,67,13,4,9,1,0,0.327,0.369,0.561,0.93,12,115,6,3,4,2,0,0.337,148,112
280,5183,SFG,SFG1999,1999,21,3,3,0.5,5.57,19,6,4,2,0,0,51.2,60,42,32,7,23,2,4,2,0,3,237,1.606,3.66,0.91,204,60,8,1,7,1,0,0.294,0.365,0.446,0.811,23,91,4,2,4,4,2,0.294,111,73
120,5183,SFG,SFG2000,2000,40,1,6,0.143,11.68,28,7,7,0,0,0,57,102,86,74,8,42,5,7,3,1,5,311,2.526,6.32,0.95,252,102,21,6,8,10,3,0.405,0.485,0.631,1.116,42,159,7,3,8,6,5,0.448,195,146
83,5183,SFG,SFG2001,2001,55,4,5,0.444,5.2,36,9,9,0,0,0,81.1,97,52,47,9,32,1,4,1,0,3,358,1.586,6.09,1.72,319,97,16,5,9,6,4,0.304,0.368,0.47,0.838,32,150,12,1,5,1,1,0.344,128,86
94,5183,SFG,SFG2002,2002,52,6,4,0.6,6.46,35,10,9,1,0,3,85,102,63,61,17,27,4,2,3,0,6,379,1.518,5.51,1.93,341,102,23,1,17,7,3,0.299,0.352,0.522,0.874,27,178,4,3,4,4,4,0.308,151,102
108,5183,SFG,SFG2003,2003,44,3,6,0.333,6.6,35,9,9,0,0,2,75,86,61,55,11,38,2,2,4,1,6,345,1.653,5.28,1.16,296,86,23,2,11,3,1,0.291,0.375,0.493,0.869,38,146,7,4,4,3,2,0.307,145,104
65,5183,SFG,SFG2004,2004,61,6,4,0.6,5.84,45,10,10,0,0,2,86.1,96,60,56,18,42,5,3,2,0,6,386,1.598,6.36,1.45,331,96,23,2,18,5,1,0.29,0.37,0.535,0.905,42,177,12,2,8,3,5,0.306,138,103
109,5183,SFG,SFG2005,2005,44,5,4,0.556,4.91,43,9,9,0,0,3,77,95,45,42,12,36,1,6,2,1,2,360,1.701,5.14,1.22,316,95,11,3,12,6,4,0.301,0.375,0.468,0.843,36,148,6,2,5,1,1,0.318,125,105
97,5183,SFG,SFG2006,2006,49,3,6,0.333,7.33,39,9,9,0,0,3,77.1,99,69,63,16,47,4,5,6,0,2,381,1.888,5.7,1.04,316,99,16,4,16,5,3,0.313,0.406,0.541,0.948,47,171,4,6,7,5,4,0.324,151,132
69,5183,SFG,SFG2007,2007,59,4,5,0.444,4.01,36,9,9,0,0,1,76.1,75,37,34,6,31,1,2,5,0,1,328,1.389,6.96,1.9,287,75,13,2,6,1,3,0.261,0.342,0.383,0.725,31,110,13,5,3,2,1,0.308,97,81
36,5183,SFG,SFG2008,2008,79,4,5,0.444,4.44,37,9,9,0,0,3,81,76,41,40,6,36,3,0,3,0,8,351,1.383,8.78,2.19,302,76,15,1,6,11,2,0.252,0.333,0.368,0.701,36,111,4,3,6,4,3,0.317,89,79
70,5183,SFG,SFG2009,2009,59,3,6,0.333,5.6,39,9,9,0,0,1,80.1,78,54,50,11,59,3,2,4,0,4,365,1.705,6.61,1,291,78,10,5,11,4,3,0.268,0.391,0.45,0.841,59,131,12,4,4,7,3,0.294,146,112
37,5183,SFG,SFG2010,2010,79,4,5,0.444,4.41,41,9,8,1,0,2,83.2,86,44,41,9,38,6,1,5,1,3,371,1.482,8.5,2.08,320,86,13,9,9,7,3,0.269,0.351,0.45,0.801,38,144,3,5,4,4,6,0.326,134,101
51,5183,SFG,SFG2011,2011,70,6,3,0.667,3.81,34,9,9,0,0,3,78,71,42,33,7,38,3,4,4,0,0,341,1.397,8.08,1.84,294,71,18,1,7,6,3,0.241,0.334,0.381,0.715,38,112,5,4,3,2,3,0.292,118,81
63,5183,SFG,SFG2012,2012,63,7,2,0.778,4.78,48,9,8,1,1,2,79,94,49,42,5,28,0,7,2,1,7,358,1.544,7.18,2.25,322,94,25,6,5,5,1,0.292,0.351,0.453,0.805,28,146,9,2,5,1,0,0.349,127,86
59,5183,SFG,SFG2013,2013,67,3,7,0.3,5.16,32,10,10,0,0,3,83.2,99,53,48,11,29,3,4,1,2,4,377,1.53,7.21,2.31,345,99,17,1,11,13,2,0.287,0.344,0.438,0.782,29,151,4,1,2,0,3,0.33,120,100
78,5183,SFG,SFG2014,2014,57,4,5,0.444,6.01,43,9,8,1,0,1,79.1,102,54,53,17,24,4,3,6,1,2,364,1.588,6.47,2.38,328,102,12,3,17,6,2,0.311,0.368,0.521,0.889,24,171,9,6,5,1,4,0.333,160,109
110,5183,SFG,SFG2015,2015,44,5,5,0.5,6.21,46,10,10,0,0,3,87,113,62,60,15,20,2,3,3,0,4,389,1.529,4.55,2.2,361,113,18,3,15,2,3,0.313,0.353,0.504,0.857,20,182,8,3,4,1,2,0.323,143,101
64,5183,SFG,SFG2016,2016,63,4,5,0.444,5.66,44,9,9,0,0,1,76.1,87,50,48,11,29,3,4,2,0,3,339,1.52,7.43,2.17,302,87,24,5,11,4,1,0.288,0.35,0.51,0.86,29,154,6,2,2,4,3,0.328,146,101
38,5183,SFG,SFG2017,2017,79,1,9,0.1,7.32,47,10,10,0,0,0,82.1,117,74,67,14,31,3,4,4,0,8,394,1.798,8.64,2.55,347,117,25,5,14,3,4,0.337,0.393,0.559,0.952,31,194,4,4,7,5,3,0.398,146,129
57,5183,SFG,SFG2018,2018,68,1,8,0.111,5.93,37,9,9,0,0,1,74.1,95,55,49,14,25,3,8,4,0,3,347,1.614,8.23,2.72,312,95,20,4,14,10,3,0.304,0.359,0.529,0.888,25,165,5,4,2,4,3,0.346,144,117
46,5183,SFG,SFG2019,2019,72,6,3,0.667,5.35,43,9,9,0,0,3,79,90,47,47,18,31,1,2,2,0,3,348,1.532,8.2,2.32,314,90,20,4,18,3,2,0.287,0.354,0.548,0.902,31,172,9,2,1,0,1,0.321,139,103
112,5183,SFG,SFG2020,2020,44,2,4,0.333,5.4,28,6,6,0,0,1,50,51,35,30,11,19,0,4,0,1,3,220,1.4,7.92,2.32,195,51,6,3,11,4,1,0.262,0.321,0.492,0.813,19,96,3,0,1,4,0,0.278,120,98
23,5183,STL,STL1993,1993,36,4,2,0.667,5.93,28,6,6,0,0,4,54.2,74,39,36,8,20,4,2,2,0,4,247,1.72,5.93,1.8,220,74,12,6,8,7,2,0.336,0.392,0.555,0.946,20,122,10,2,2,3,4,0.369,153,120
9,5183,STL,STL1994,1994,20,1,5,0.167,9.55,27,6,6,0,0,1,49,81,58,52,11,34,4,5,3,0,2,253,2.347,3.67,0.59,207,81,14,6,11,2,5,0.391,0.474,0.676,1.15,34,140,7,3,4,5,4,0.387,179,169
138,5183,STL,STL1995,1995,35,4,2,0.667,4.15,22,6,6,0,0,2,52,53,29,24,8,17,1,6,2,0,0,226,1.346,6.06,2.06,204,53,10,1,8,6,2,0.26,0.323,0.436,0.759,17,89,4,2,3,0,1,0.28,102,66
144,5183,STL,STL1996,1996,34,0,6,0,9.57,25,6,6,0,0,0,52.2,85,56,56,14,26,2,1,0,0,2,257,2.108,5.81,1.31,224,85,16,2,14,10,2,0.379,0.439,0.656,1.095,26,147,6,0,4,3,2,0.397,203,134
167,5183,STL,STL1997,1997,30,2,4,0.333,7.12,26,6,6,0,0,2,54.1,77,47,43,11,17,2,3,2,0,0,252,1.73,4.97,1.76,225,77,9,3,11,7,3,0.342,0.389,0.556,0.944,17,125,6,2,5,3,2,0.353,165,110
208,5183,STL,STL1998,1998,26,4,2,0.667,6.06,23,6,6,0,0,3,52,76,43,35,7,18,0,3,0,0,1,240,1.808,4.5,1.44,216,76,17,6,7,1,3,0.352,0.395,0.583,0.978,18,126,7,0,2,4,0,0.369,160,123
466,5183,STL,STL1999,1999,7,3,0,1,3.33,13,3,3,0,0,2,27,32,10,10,2,14,0,1,3,0,2,127,1.704,2.33,0.5,107,32,11,0,2,0,0,0.299,0.392,0.458,0.85,14,49,3,3,2,1,0,0.303,118,82
408,5183,STL,STL2000,2000,15,1,3,0.25,8.18,16,4,4,0,0,0,33,47,35,30,7,19,0,2,5,1,2,165,2,4.09,0.79,136,47,9,1,7,2,2,0.346,0.441,0.581,1.022,19,79,4,5,4,1,0,0.348,164,125
238,5183,STL,STL2001,2001,24,1,5,0.167,9.18,28,6,6,0,0,0,49,76,55,50,16,23,2,2,2,0,3,239,2.02,4.41,1.04,203,76,10,4,16,2,0,0.374,0.432,0.7,1.131,23,142,5,2,5,6,2,0.355,195,146
421,5183,STL,STL2002,2002,14,3,0,1,4.67,15,3,3,0,0,1,27,28,15,14,4,9,0,0,0,0,0,115,1.37,4.67,1.56,103,28,10,0,4,1,2,0.272,0.33,0.485,0.816,9,50,1,0,3,0,0,0.282,128,89
301,5183,STL,STL2003,2003,20,1,2,0.333,8.38,15,3,3,0,0,0,29,37,28,27,6,14,1,1,0,0,0,134,1.759,6.21,1.43,117,37,10,4,6,1,0,0.316,0.383,0.624,1.007,14,73,5,0,1,2,1,0.333,152,132
394,5183,STL,STL2004,2004,16,3,0,1,4,11,3,3,0,0,3,27,26,13,12,4,6,0,2,1,0,0,113,1.185,5.33,2.67,106,26,7,0,4,0,0,0.245,0.292,0.425,0.717,6,45,3,1,0,0,0,0.256,99,61
335,5183,STL,STL2005,2005,19,2,2,0.5,4.76,18,4,4,0,0,2,34,40,20,18,4,15,2,1,1,0,3,153,1.618,5.03,1.27,131,40,8,0,4,1,1,0.305,0.378,0.458,0.836,15,60,4,1,5,1,2,0.33,134,103
422,5183,STL,STL2006,2006,14,2,1,0.667,2.77,11,3,3,0,0,1,26,23,8,8,3,7,1,1,0,0,0,107,1.154,4.85,2,92,23,4,2,3,0,2,0.25,0.297,0.435,0.732,7,40,0,0,6,2,1,0.26,86,79
340,5183,STL,STL2007,2007,19,2,2,0.5,5.29,14,4,4,0,0,0,34,37,21,20,6,9,0,2,1,0,0,146,1.353,5.03,2.11,134,37,6,2,6,4,0,0.276,0.324,0.485,0.809,9,65,4,1,1,1,0,0.282,109,98
342,5183,STL,STL2008,2008,19,2,2,0.5,5.82,14,4,4,0,0,2,34,46,23,22,2,13,0,1,0,0,1,156,1.735,5.03,1.46,139,46,13,3,2,3,0,0.331,0.383,0.511,0.894,13,71,3,0,2,2,0,0.367,134,126
256,5183,STL,STL2009,2009,23,1,2,0.333,2.45,9,3,3,0,0,1,25.2,25,9,7,1,8,1,2,0,0,1,109,1.286,8.06,2.88,97,25,6,2,1,2,1,0.258,0.308,0.392,0.7,8,38,2,0,2,2,1,0.32,98,75
398,5183,STL,STL2010,2010,16,0,3,0,8.03,15,3,3,0,0,0,24.2,45,24,22,5,11,0,1,0,1,2,128,2.27,5.84,1.45,114,45,7,0,5,0,1,0.395,0.444,0.588,1.032,11,67,2,0,2,1,0,0.426,191,158
187,5183,STL,STL2011,2011,28,2,1,0.667,6.92,12,3,3,0,0,1,26,32,21,20,2,11,0,0,2,0,0,123,1.654,9.69,2.55,106,32,6,2,2,1,0,0.302,0.372,0.453,0.825,11,48,0,2,2,2,0,0.385,130,108
378,5183,STL,STL2012,2012,17,2,1,0.667,6.92,13,3,3,0,0,0,26,36,20,20,4,12,0,2,0,0,0,119,1.846,5.88,1.42,105,36,16,2,4,0,3,0.343,0.407,0.648,1.054,12,68,4,0,1,1,0,0.376,198,141
130,5183,STL,STL2013,2013,39,2,2,0.5,4.46,23,4,4,0,0,1,40.1,54,20,20,2,12,1,1,0,0,1,185,1.636,8.7,3.25,171,54,10,2,2,0,1,0.316,0.361,0.433,0.793,12,74,2,0,2,0,1,0.4,134,104
293,5183,STL,STL2014,2014,21,2,1,0.667,5.54,14,3,3,0,0,1,26,29,16,16,3,10,1,0,1,0,0,117,1.5,7.27,2.1,105,29,5,0,3,2,1,0.276,0.345,0.41,0.754,10,43,0,1,1,0,1,0.321,124,80
163,5183,STL,STL2015,2015,31,1,2,0.333,5.4,10,3,3,0,0,1,25,34,17,15,4,4,1,2,0,0,0,112,1.52,11.16,7.75,107,34,7,1,4,1,0,0.318,0.339,0.514,0.853,4,55,2,0,0,1,1,0.411,150,99
319,5183,STL,STL2016,2016,20,2,1,0.667,6.58,15,3,3,0,0,1,26,32,19,19,6,9,1,0,0,0,1,117,1.577,6.92,2.22,107,32,6,0,6,0,0,0.299,0.35,0.523,0.874,9,56,1,0,0,1,1,0.317,140,104
236,5183,STL,STL2017,2017,25,1,2,0.333,6.48,10,3,3,0,0,1,25,28,18,18,3,6,0,1,0,0,1,109,1.36,9,4.17,101,28,5,1,3,0,0,0.277,0.315,0.436,0.75,6,44,3,0,1,1,0,0.338,105,81
323,5183,STL,STL2018,2018,20,2,1,0.667,5.19,13,3,3,0,0,1,26,35,17,15,3,11,1,2,0,0,1,121,1.769,6.92,1.82,108,35,10,0,3,0,1,0.324,0.387,0.5,0.887,11,54,3,0,2,0,1,0.376,152,119
203,5183,STL,STL2019,2019,27,1,2,0.333,2.52,13,3,3,0,0,0,25,20,7,7,4,12,1,0,1,0,2,106,1.28,9.72,2.25,93,20,4,1,4,0,0,0.215,0.311,0.409,0.72,12,38,2,1,0,0,1,0.258,102,64
369,5183,TBD,TBD2002,2002,17,0,3,0,6.11,8,3,2,1,0,0,28,41,20,19,5,13,1,0,0,0,1,131,1.929,5.46,1.31,116,41,7,1,5,3,1,0.353,0.419,0.56,0.979,13,65,4,0,2,0,1,0.383,138,128
359,5183,TBD,TBD2007,2007,18,1,2,0.333,8.28,13,3,3,0,0,1,25,32,26,23,8,13,1,1,0,0,0,117,1.8,6.48,1.38,101,32,5,0,8,2,1,0.317,0.391,0.604,0.995,13,61,3,0,2,1,1,0.316,139,143
287,5183,TBR,TBR2009,2009,21,1,2,0.333,4.68,10,3,3,0,0,0,25,26,13,13,5,7,0,0,0,0,1,103,1.32,7.56,3,92,26,5,0,5,3,2,0.283,0.324,0.5,0.824,7,46,3,0,1,3,0,0.304,120,104
188,5183,TBR,TBR2013,2013,28,2,1,0.667,3.67,14,3,3,0,0,1,27,32,16,11,7,9,1,2,1,0,0,123,1.519,9.33,3.11,112,32,5,0,7,1,0,0.286,0.344,0.518,0.862,9,58,2,1,1,0,1,0.325,149,118
164,5183,TBR,TBR2016,2016,31,2,1,0.667,3.81,9,3,3,0,0,1,26,24,11,11,2,10,0,0,0,0,5,109,1.308,10.73,3.1,96,24,4,0,2,2,1,0.25,0.315,0.354,0.669,10,34,2,0,1,2,0,0.338,84,60
443,5183,TEX,TEX1997,1997,12,1,1,0.5,6.63,8,2,2,0,0,0,19,31,18,14,5,5,2,3,0,0,1,97,1.895,5.68,2.4,90,31,5,0,5,1,0,0.344,0.375,0.567,0.942,5,51,0,0,1,1,2,0.351,137,108
326,5183,TEX,TEX1998,1998,19,2,1,0.667,3.9,13,3,3,0,0,2,27.2,25,12,12,2,17,1,2,1,0,1,120,1.518,6.18,1.12,100,25,3,1,2,0,1,0.25,0.364,0.36,0.724,17,36,5,1,2,0,1,0.291,86,70
350,5183,TEX,TEX2000,2000,18,0,3,0,7.67,13,3,3,0,0,0,27,36,24,23,3,13,4,0,1,0,2,126,1.815,6,1.38,108,36,11,2,3,1,3,0.333,0.4,0.556,0.956,13,60,2,1,1,3,4,0.367,126,110
358,5183,TEX,TEX2006,2006,18,1,2,0.333,6.84,13,3,3,0,0,1,25,31,20,19,2,10,2,1,4,0,2,116,1.64,6.48,1.8,99,31,6,3,2,2,1,0.313,0.395,0.495,0.89,10,49,2,4,2,1,2,0.363,133,119
464,5183,TEX,TEX2014,2014,8,0,2,0,11.25,10,2,2,0,0,0,16,34,20,20,5,6,1,1,1,0,0,86,2.5,4.5,1.33,77,34,13,0,5,1,0,0.442,0.477,0.805,1.282,6,62,3,1,0,2,1,0.439,230,197
415,5183,TEX,TEX2015,2015,15,2,1,0.667,5.13,14,3,3,0,0,1,26.1,27,16,15,3,14,1,2,1,0,1,118,1.557,5.13,1.07,102,27,2,1,3,2,0,0.265,0.359,0.392,0.751,14,40,5,1,1,0,1,0.286,103,80
381,5183,TEX,TEX2016,2016,17,2,0,1,4,8,2,2,0,0,2,18,19,8,8,2,6,0,0,0,0,0,76,1.389,8.5,2.83,69,19,3,1,2,2,1,0.275,0.333,0.435,0.768,6,30,1,0,1,0,0,0.34,104,81
384,5183,TEX,TEX2020,2020,17,2,1,0.667,4.85,10,3,2,1,0,1,26,26,16,14,1,4,0,3,0,0,0,109,1.154,5.88,4.25,102,26,7,3,1,0,0,0.255,0.28,0.412,0.692,4,42,2,0,1,1,0,0.294,83,69
357,5183,TOR,TOR2006,2006,18,0,3,0,6.38,14,3,3,0,0,0,24,28,18,17,4,14,3,2,2,0,1,113,1.75,6.75,1.29,94,28,8,1,4,0,1,0.298,0.396,0.532,0.928,14,50,5,2,2,1,3,0.329,147,128
231,5183,TOR,TOR2010,2010,25,0,3,0,6.55,11,3,3,0,0,0,22,29,16,16,5,10,3,0,0,0,3,103,1.773,10.23,2.5,89,29,7,1,5,2,0,0.326,0.382,0.596,0.978,10,53,1,0,1,3,3,0.387,164,142
249,5183,TOR,TOR2016,2016,24,2,1,0.667,6.23,10,3,3,0,0,0,26,33,21,18,2,8,0,1,3,0,0,121,1.577,8.31,3,108,33,10,0,2,0,0,0.306,0.37,0.454,0.823,8,49,2,3,2,0,0,0.378,135,95
417,5183,TOR,TOR2019,2019,15,0,3,0,7.88,9,3,3,0,0,0,24,34,22,21,4,9,1,0,0,0,2,112,1.792,5.63,1.67,103,34,12,0,4,0,0,0.33,0.384,0.563,0.947,9,58,3,0,0,0,1,0.357,139,114
373,5183,WSN,WSN2005,2005,17,3,0,1,1.33,10,3,3,0,0,1,27,31,4,4,1,10,1,2,2,0,2,118,1.519,5.67,1.7,103,31,6,0,1,0,1,0.301,0.371,0.388,0.759,10,40,5,2,2,1,1,0.349,109,86
339,5183,WSN,WSN2006,2006,19,0,4,0,9.56,21,4,4,0,0,0,32,44,43,34,6,26,7,6,3,0,3,170,2.188,5.34,0.73,133,44,9,1,6,4,1,0.331,0.442,0.549,0.991,26,73,3,3,5,3,7,0.342,150,144
309,5183,WSN,WSN2007,2007,20,0,3,0,7.3,12,3,3,0,0,0,24.2,31,21,20,4,11,0,2,1,0,1,118,1.703,7.3,1.82,105,31,9,1,4,1,0,0.295,0.368,0.514,0.882,11,54,1,1,1,0,0,0.333,127,117
185,5183,WSN,WSN2008,2008,28,3,1,0.75,4.37,15,4,4,0,0,2,35,32,18,17,4,13,0,2,3,0,1,155,1.286,7.2,2.15,137,32,5,0,4,2,0,0.234,0.314,0.358,0.671,13,49,0,3,2,0,0,0.267,74,72
343,5183,WSN,WSN2009,2009,19,0,3,0,4.88,11,3,3,0,0,0,24,27,16,13,1,14,0,5,0,0,0,112,1.708,7.13,1.36,95,27,8,2,1,4,1,0.284,0.369,0.442,0.811,14,42,1,0,1,2,0,0.338,103,104
397,5183,WSN,WSN2010,2010,16,1,3,0.25,4.78,12,4,4,0,0,0,32,32,18,17,5,15,0,1,0,1,1,140,1.469,4.5,1.07,120,32,6,1,5,1,0,0.267,0.343,0.458,0.801,15,55,4,0,3,2,0,0.267,116,100
290,5183,WSN,WSN2011,2011,21,2,2,0.5,6.09,17,4,4,0,0,2,34,48,26,23,3,17,1,2,2,0,2,164,1.912,5.56,1.24,140,48,8,1,3,2,1,0.343,0.419,0.479,0.897,17,67,2,2,4,1,1,0.385,157,128
162,5183,WSN,WSN2012,2012,31,2,2,0.5,5.89,15,4,4,0,0,0,36.2,53,25,24,3,14,1,2,2,0,1,172,1.827,7.61,2.21,154,53,9,2,3,1,0,0.344,0.404,0.487,0.891,14,75,8,2,1,1,1,0.413,164,108
261,5183,WSN,WSN2013,2013,23,2,1,0.667,4.5,13,3,3,0,0,1,26,26,13,13,3,5,0,0,1,0,2,108,1.192,7.96,4.6,102,26,6,1,3,4,0,0.255,0.296,0.422,0.718,5,43,2,1,0,0,0,0.303,108,82
262,5183,WSN,WSN2014,2014,23,2,1,0.667,3.81,13,3,3,0,0,1,26,34,12,11,2,6,1,0,0,0,2,114,1.538,7.96,3.83,106,34,10,2,2,0,0,0.321,0.357,0.509,0.867,6,54,4,0,2,0,1,0.395,164,103
276,5183,WSN,WSN2015,2015,22,2,1,0.667,2.42,12,3,3,0,0,1,26,25,10,7,3,4,1,2,1,0,1,107,1.115,7.62,5.5,102,25,6,0,3,0,1,0.245,0.28,0.392,0.673,4,40,0,1,0,0,1,0.286,95,58
382,5183,WSN,WSN2016,2016,17,1,2,0.333,7.92,16,3,3,0,0,1,25,30,22,22,3,11,1,0,1,0,0,113,1.64,6.12,1.55,98,30,9,3,3,0,0,0.306,0.372,0.551,0.923,11,54,3,1,0,3,1,0.333,171,115
265,5183,WSN,WSN2017,2017,23,3,1,0.75,7.2,17,4,4,0,0,0,35,47,29,28,7,10,0,1,1,0,0,160,1.629,5.91,2.3,147,47,10,2,7,0,0,0.32,0.365,0.558,0.923,10,82,3,1,1,1,0,0.339,159,121
297,5183,WSN,WSN2018,2018,21,1,2,0.333,6.84,15,3,3,0,0,0,25,26,19,19,11,10,0,1,0,0,1,110,1.44,7.56,2.1,98,26,4,1,11,1,0,0.265,0.33,0.663,0.994,10,65,2,0,1,1,0,0.224,167,137
298,5183,WSN,WSN2019,2019,21,1,2,0.333,6.48,12,3,3,0,0,1,25,29,19,18,5,10,2,1,1,0,3,115,1.56,7.56,2.1,102,29,9,1,5,1,0,0.284,0.351,0.539,0.89,10,55,0,1,1,1,2,0.312,143,100